
C.elf:     file format elf32-avr

Sections:
Idx Name          Size      VMA       LMA       File off  Algn
  0 .text         00001794  00000000  00000000  00000094  2**1
                  CONTENTS, ALLOC, LOAD, READONLY, CODE
  1 .data         000002a2  00800060  00001794  00001828  2**0
                  CONTENTS, ALLOC, LOAD, DATA
  2 .bss          0000000c  00800302  00800302  00001aca  2**0
                  ALLOC
  3 .comment      0000005c  00000000  00000000  00001aca  2**0
                  CONTENTS, READONLY
  4 .note.gnu.avr.deviceinfo 0000003c  00000000  00000000  00001b28  2**2
                  CONTENTS, READONLY
  5 .debug_aranges 000000e0  00000000  00000000  00001b64  2**0
                  CONTENTS, READONLY, DEBUGGING
  6 .debug_info   00002073  00000000  00000000  00001c44  2**0
                  CONTENTS, READONLY, DEBUGGING
  7 .debug_abbrev 00000778  00000000  00000000  00003cb7  2**0
                  CONTENTS, READONLY, DEBUGGING
  8 .debug_line   0000112d  00000000  00000000  0000442f  2**0
                  CONTENTS, READONLY, DEBUGGING
  9 .debug_frame  000002b4  00000000  00000000  0000555c  2**2
                  CONTENTS, READONLY, DEBUGGING
 10 .debug_str    0000057d  00000000  00000000  00005810  2**0
                  CONTENTS, READONLY, DEBUGGING
 11 .debug_loc    000015bc  00000000  00000000  00005d8d  2**0
                  CONTENTS, READONLY, DEBUGGING
 12 .debug_ranges 000000d0  00000000  00000000  00007349  2**0
                  CONTENTS, READONLY, DEBUGGING

Disassembly of section .text:

00000000 <__vectors>:
       0:	0c 94 2a 00 	jmp	0x54	; 0x54 <__ctors_end>
       4:	0c 94 47 00 	jmp	0x8e	; 0x8e <__bad_interrupt>
       8:	0c 94 47 00 	jmp	0x8e	; 0x8e <__bad_interrupt>
       c:	0c 94 47 00 	jmp	0x8e	; 0x8e <__bad_interrupt>
      10:	0c 94 47 00 	jmp	0x8e	; 0x8e <__bad_interrupt>
      14:	0c 94 47 00 	jmp	0x8e	; 0x8e <__bad_interrupt>
      18:	0c 94 47 00 	jmp	0x8e	; 0x8e <__bad_interrupt>
      1c:	0c 94 47 00 	jmp	0x8e	; 0x8e <__bad_interrupt>
      20:	0c 94 47 00 	jmp	0x8e	; 0x8e <__bad_interrupt>
      24:	0c 94 47 00 	jmp	0x8e	; 0x8e <__bad_interrupt>
      28:	0c 94 ed 00 	jmp	0x1da	; 0x1da <__vector_10>
      2c:	0c 94 47 00 	jmp	0x8e	; 0x8e <__bad_interrupt>
      30:	0c 94 47 00 	jmp	0x8e	; 0x8e <__bad_interrupt>
      34:	0c 94 47 00 	jmp	0x8e	; 0x8e <__bad_interrupt>
      38:	0c 94 47 00 	jmp	0x8e	; 0x8e <__bad_interrupt>
      3c:	0c 94 47 00 	jmp	0x8e	; 0x8e <__bad_interrupt>
      40:	0c 94 47 00 	jmp	0x8e	; 0x8e <__bad_interrupt>
      44:	0c 94 47 00 	jmp	0x8e	; 0x8e <__bad_interrupt>
      48:	0c 94 47 00 	jmp	0x8e	; 0x8e <__bad_interrupt>
      4c:	0c 94 47 00 	jmp	0x8e	; 0x8e <__bad_interrupt>
      50:	0c 94 47 00 	jmp	0x8e	; 0x8e <__bad_interrupt>

00000054 <__ctors_end>:
      54:	11 24       	eor	r1, r1
      56:	1f be       	out	0x3f, r1	; 63
      58:	cf e5       	ldi	r28, 0x5F	; 95
      5a:	d8 e0       	ldi	r29, 0x08	; 8
      5c:	de bf       	out	0x3e, r29	; 62
      5e:	cd bf       	out	0x3d, r28	; 61

00000060 <__do_copy_data>:
      60:	13 e0       	ldi	r17, 0x03	; 3
      62:	a0 e6       	ldi	r26, 0x60	; 96
      64:	b0 e0       	ldi	r27, 0x00	; 0
      66:	e4 e9       	ldi	r30, 0x94	; 148
      68:	f7 e1       	ldi	r31, 0x17	; 23
      6a:	02 c0       	rjmp	.+4      	; 0x70 <__do_copy_data+0x10>
      6c:	05 90       	lpm	r0, Z+
      6e:	0d 92       	st	X+, r0
      70:	a2 30       	cpi	r26, 0x02	; 2
      72:	b1 07       	cpc	r27, r17
      74:	d9 f7       	brne	.-10     	; 0x6c <__do_copy_data+0xc>

00000076 <__do_clear_bss>:
      76:	23 e0       	ldi	r18, 0x03	; 3
      78:	a2 e0       	ldi	r26, 0x02	; 2
      7a:	b3 e0       	ldi	r27, 0x03	; 3
      7c:	01 c0       	rjmp	.+2      	; 0x80 <.do_clear_bss_start>

0000007e <.do_clear_bss_loop>:
      7e:	1d 92       	st	X+, r1

00000080 <.do_clear_bss_start>:
      80:	ae 30       	cpi	r26, 0x0E	; 14
      82:	b2 07       	cpc	r27, r18
      84:	e1 f7       	brne	.-8      	; 0x7e <.do_clear_bss_loop>
      86:	0e 94 09 08 	call	0x1012	; 0x1012 <main>
      8a:	0c 94 c8 0b 	jmp	0x1790	; 0x1790 <_exit>

0000008e <__bad_interrupt>:
      8e:	0c 94 00 00 	jmp	0	; 0x0 <__vectors>

00000092 <timer_init>:
void LCD_Print_Center(char *str, uint8_t line)
{
	uint8_t len = strlen(str);
	if(len > 16) len = 16;
	uint8_t pos = (16 - len) / 2;
	LCD_String_xy(line, pos, str);
      92:	8b e0       	ldi	r24, 0x0B	; 11
      94:	83 bf       	out	0x33, r24	; 51
      96:	8b e9       	ldi	r24, 0x9B	; 155
      98:	8c bf       	out	0x3c, r24	; 60
      9a:	89 b7       	in	r24, 0x39	; 57
      9c:	82 60       	ori	r24, 0x02	; 2
      9e:	89 bf       	out	0x39, r24	; 57
      a0:	08 95       	ret

000000a2 <is_leap_year>:
      a2:	ac 01       	movw	r20, r24
      a4:	00 97       	sbiw	r24, 0x00	; 0
      a6:	91 f1       	breq	.+100    	; 0x10c <is_leap_year+0x6a>
      a8:	9c 01       	movw	r18, r24
      aa:	32 95       	swap	r19
      ac:	22 95       	swap	r18
      ae:	2f 70       	andi	r18, 0x0F	; 15
      b0:	23 27       	eor	r18, r19
      b2:	3f 70       	andi	r19, 0x0F	; 15
      b4:	23 27       	eor	r18, r19
      b6:	ae e3       	ldi	r26, 0x3E	; 62
      b8:	ba e0       	ldi	r27, 0x0A	; 10
      ba:	0e 94 c1 08 	call	0x1182	; 0x1182 <__umulhisi3>
      be:	20 e9       	ldi	r18, 0x90	; 144
      c0:	31 e0       	ldi	r19, 0x01	; 1
      c2:	bc 01       	movw	r22, r24
      c4:	62 9f       	mul	r22, r18
      c6:	c0 01       	movw	r24, r0
      c8:	63 9f       	mul	r22, r19
      ca:	90 0d       	add	r25, r0
      cc:	72 9f       	mul	r23, r18
      ce:	90 0d       	add	r25, r0
      d0:	11 24       	eor	r1, r1
      d2:	48 17       	cp	r20, r24
      d4:	59 07       	cpc	r21, r25
      d6:	e1 f0       	breq	.+56     	; 0x110 <is_leap_year+0x6e>
      d8:	9a 01       	movw	r18, r20
      da:	36 95       	lsr	r19
      dc:	27 95       	ror	r18
      de:	36 95       	lsr	r19
      e0:	27 95       	ror	r18
      e2:	ab e7       	ldi	r26, 0x7B	; 123
      e4:	b4 e1       	ldi	r27, 0x14	; 20
      e6:	0e 94 c1 08 	call	0x1182	; 0x1182 <__umulhisi3>
      ea:	96 95       	lsr	r25
      ec:	87 95       	ror	r24
      ee:	64 e6       	ldi	r22, 0x64	; 100
      f0:	68 9f       	mul	r22, r24
      f2:	90 01       	movw	r18, r0
      f4:	69 9f       	mul	r22, r25
      f6:	30 0d       	add	r19, r0
      f8:	11 24       	eor	r1, r1
      fa:	42 17       	cp	r20, r18
      fc:	53 07       	cpc	r21, r19
      fe:	51 f0       	breq	.+20     	; 0x114 <is_leap_year+0x72>
     100:	43 70       	andi	r20, 0x03	; 3
     102:	55 27       	eor	r21, r21
     104:	45 2b       	or	r20, r21
     106:	41 f4       	brne	.+16     	; 0x118 <is_leap_year+0x76>
     108:	81 e0       	ldi	r24, 0x01	; 1
     10a:	08 95       	ret
     10c:	80 e0       	ldi	r24, 0x00	; 0
     10e:	08 95       	ret
     110:	81 e0       	ldi	r24, 0x01	; 1
     112:	08 95       	ret
     114:	80 e0       	ldi	r24, 0x00	; 0
     116:	08 95       	ret
     118:	80 e0       	ldi	r24, 0x00	; 0
     11a:	08 95       	ret

0000011c <days_in_month>:
     11c:	1f 93       	push	r17
     11e:	cf 93       	push	r28
     120:	df 93       	push	r29
     122:	cd b7       	in	r28, 0x3d	; 61
     124:	de b7       	in	r29, 0x3e	; 62
     126:	2d 97       	sbiw	r28, 0x0d	; 13
     128:	0f b6       	in	r0, 0x3f	; 63
     12a:	f8 94       	cli
     12c:	de bf       	out	0x3e, r29	; 62
     12e:	0f be       	out	0x3f, r0	; 63
     130:	cd bf       	out	0x3d, r28	; 61
     132:	9d e0       	ldi	r25, 0x0D	; 13
     134:	eb e7       	ldi	r30, 0x7B	; 123
     136:	f0 e0       	ldi	r31, 0x00	; 0
     138:	de 01       	movw	r26, r28
     13a:	11 96       	adiw	r26, 0x01	; 1
     13c:	01 90       	ld	r0, Z+
     13e:	0d 92       	st	X+, r0
     140:	9a 95       	dec	r25
     142:	e1 f7       	brne	.-8      	; 0x13c <days_in_month+0x20>
     144:	9f ef       	ldi	r25, 0xFF	; 255
     146:	98 0f       	add	r25, r24
     148:	9c 30       	cpi	r25, 0x0C	; 12
     14a:	80 f4       	brcc	.+32     	; 0x16c <days_in_month+0x50>
     14c:	18 2f       	mov	r17, r24
     14e:	82 30       	cpi	r24, 0x02	; 2
     150:	29 f4       	brne	.+10     	; 0x15c <days_in_month+0x40>
     152:	cb 01       	movw	r24, r22
     154:	0e 94 51 00 	call	0xa2	; 0xa2 <is_leap_year>
     158:	81 11       	cpse	r24, r1
     15a:	0a c0       	rjmp	.+20     	; 0x170 <days_in_month+0x54>
     15c:	e1 e0       	ldi	r30, 0x01	; 1
     15e:	f0 e0       	ldi	r31, 0x00	; 0
     160:	ec 0f       	add	r30, r28
     162:	fd 1f       	adc	r31, r29
     164:	e1 0f       	add	r30, r17
     166:	f1 1d       	adc	r31, r1
     168:	80 81       	ld	r24, Z
     16a:	03 c0       	rjmp	.+6      	; 0x172 <days_in_month+0x56>
     16c:	8f e1       	ldi	r24, 0x1F	; 31
     16e:	01 c0       	rjmp	.+2      	; 0x172 <days_in_month+0x56>
     170:	8d e1       	ldi	r24, 0x1D	; 29
     172:	2d 96       	adiw	r28, 0x0d	; 13
     174:	0f b6       	in	r0, 0x3f	; 63
     176:	f8 94       	cli
     178:	de bf       	out	0x3e, r29	; 62
     17a:	0f be       	out	0x3f, r0	; 63
     17c:	cd bf       	out	0x3d, r28	; 61
     17e:	df 91       	pop	r29
     180:	cf 91       	pop	r28
     182:	1f 91       	pop	r17
     184:	08 95       	ret

00000186 <advance_date>:
     186:	0f 93       	push	r16
     188:	1f 93       	push	r17
     18a:	cf 93       	push	r28
     18c:	df 93       	push	r29
     18e:	c0 91 08 03 	lds	r28, 0x0308	; 0x800308 <day>
     192:	cf 5f       	subi	r28, 0xFF	; 255
     194:	c0 93 08 03 	sts	0x0308, r28	; 0x800308 <day>
     198:	00 91 05 03 	lds	r16, 0x0305	; 0x800305 <year>
     19c:	10 91 06 03 	lds	r17, 0x0306	; 0x800306 <year+0x1>
     1a0:	d0 91 07 03 	lds	r29, 0x0307	; 0x800307 <month>
     1a4:	b8 01       	movw	r22, r16
     1a6:	8d 2f       	mov	r24, r29
     1a8:	0e 94 8e 00 	call	0x11c	; 0x11c <days_in_month>
     1ac:	8c 17       	cp	r24, r28
     1ae:	80 f4       	brcc	.+32     	; 0x1d0 <advance_date+0x4a>
     1b0:	81 e0       	ldi	r24, 0x01	; 1
     1b2:	80 93 08 03 	sts	0x0308, r24	; 0x800308 <day>
     1b6:	df 5f       	subi	r29, 0xFF	; 255
     1b8:	d0 93 07 03 	sts	0x0307, r29	; 0x800307 <month>
     1bc:	dd 30       	cpi	r29, 0x0D	; 13
     1be:	40 f0       	brcs	.+16     	; 0x1d0 <advance_date+0x4a>
     1c0:	80 93 07 03 	sts	0x0307, r24	; 0x800307 <month>
     1c4:	0f 5f       	subi	r16, 0xFF	; 255
     1c6:	1f 4f       	sbci	r17, 0xFF	; 255
     1c8:	10 93 06 03 	sts	0x0306, r17	; 0x800306 <year+0x1>
     1cc:	00 93 05 03 	sts	0x0305, r16	; 0x800305 <year>
     1d0:	df 91       	pop	r29
     1d2:	cf 91       	pop	r28
     1d4:	1f 91       	pop	r17
     1d6:	0f 91       	pop	r16
     1d8:	08 95       	ret

000001da <__vector_10>:
     1da:	1f 92       	push	r1
     1dc:	0f 92       	push	r0
     1de:	0f b6       	in	r0, 0x3f	; 63
     1e0:	0f 92       	push	r0
     1e2:	11 24       	eor	r1, r1
     1e4:	2f 93       	push	r18
     1e6:	3f 93       	push	r19
     1e8:	4f 93       	push	r20
     1ea:	5f 93       	push	r21
     1ec:	6f 93       	push	r22
     1ee:	7f 93       	push	r23
     1f0:	8f 93       	push	r24
     1f2:	9f 93       	push	r25
     1f4:	af 93       	push	r26
     1f6:	bf 93       	push	r27
     1f8:	ef 93       	push	r30
     1fa:	ff 93       	push	r31
     1fc:	80 91 09 03 	lds	r24, 0x0309	; 0x800309 <milliseconds>
     200:	90 91 0a 03 	lds	r25, 0x030A	; 0x80030a <milliseconds+0x1>
     204:	0a 96       	adiw	r24, 0x0a	; 10
     206:	90 93 0a 03 	sts	0x030A, r25	; 0x80030a <milliseconds+0x1>
     20a:	80 93 09 03 	sts	0x0309, r24	; 0x800309 <milliseconds>
     20e:	81 e0       	ldi	r24, 0x01	; 1
     210:	80 93 03 03 	sts	0x0303, r24	; 0x800303 <tick_flag>
     214:	80 91 09 03 	lds	r24, 0x0309	; 0x800309 <milliseconds>
     218:	90 91 0a 03 	lds	r25, 0x030A	; 0x80030a <milliseconds+0x1>
     21c:	88 3e       	cpi	r24, 0xE8	; 232
     21e:	93 40       	sbci	r25, 0x03	; 3
     220:	c0 f1       	brcs	.+112    	; 0x292 <__vector_10+0xb8>
     222:	10 92 0a 03 	sts	0x030A, r1	; 0x80030a <milliseconds+0x1>
     226:	10 92 09 03 	sts	0x0309, r1	; 0x800309 <milliseconds>
     22a:	80 91 0b 03 	lds	r24, 0x030B	; 0x80030b <seconds>
     22e:	8f 5f       	subi	r24, 0xFF	; 255
     230:	80 93 0b 03 	sts	0x030B, r24	; 0x80030b <seconds>
     234:	81 e0       	ldi	r24, 0x01	; 1
     236:	80 93 02 03 	sts	0x0302, r24	; 0x800302 <__data_end>
     23a:	80 91 0b 03 	lds	r24, 0x030B	; 0x80030b <seconds>
     23e:	8c 33       	cpi	r24, 0x3C	; 60
     240:	40 f1       	brcs	.+80     	; 0x292 <__vector_10+0xb8>
     242:	10 92 0b 03 	sts	0x030B, r1	; 0x80030b <seconds>
     246:	80 91 0c 03 	lds	r24, 0x030C	; 0x80030c <minutes>
     24a:	8f 5f       	subi	r24, 0xFF	; 255
     24c:	80 93 0c 03 	sts	0x030C, r24	; 0x80030c <minutes>
     250:	80 91 0c 03 	lds	r24, 0x030C	; 0x80030c <minutes>
     254:	8c 33       	cpi	r24, 0x3C	; 60
     256:	e8 f0       	brcs	.+58     	; 0x292 <__vector_10+0xb8>
     258:	10 92 0c 03 	sts	0x030C, r1	; 0x80030c <minutes>
     25c:	80 91 0d 03 	lds	r24, 0x030D	; 0x80030d <hours>
     260:	8f 5f       	subi	r24, 0xFF	; 255
     262:	80 93 0d 03 	sts	0x030D, r24	; 0x80030d <hours>
     266:	80 91 0d 03 	lds	r24, 0x030D	; 0x80030d <hours>
     26a:	88 31       	cpi	r24, 0x18	; 24
     26c:	90 f0       	brcs	.+36     	; 0x292 <__vector_10+0xb8>
     26e:	10 92 0d 03 	sts	0x030D, r1	; 0x80030d <hours>
     272:	80 91 08 03 	lds	r24, 0x0308	; 0x800308 <day>
     276:	88 23       	and	r24, r24
     278:	61 f0       	breq	.+24     	; 0x292 <__vector_10+0xb8>
     27a:	80 91 07 03 	lds	r24, 0x0307	; 0x800307 <month>
     27e:	88 23       	and	r24, r24
     280:	41 f0       	breq	.+16     	; 0x292 <__vector_10+0xb8>
     282:	80 91 05 03 	lds	r24, 0x0305	; 0x800305 <year>
     286:	90 91 06 03 	lds	r25, 0x0306	; 0x800306 <year+0x1>
     28a:	89 2b       	or	r24, r25
     28c:	11 f0       	breq	.+4      	; 0x292 <__vector_10+0xb8>
     28e:	0e 94 c3 00 	call	0x186	; 0x186 <advance_date>
     292:	ff 91       	pop	r31
     294:	ef 91       	pop	r30
     296:	bf 91       	pop	r27
     298:	af 91       	pop	r26
     29a:	9f 91       	pop	r25
     29c:	8f 91       	pop	r24
     29e:	7f 91       	pop	r23
     2a0:	6f 91       	pop	r22
     2a2:	5f 91       	pop	r21
     2a4:	4f 91       	pop	r20
     2a6:	3f 91       	pop	r19
     2a8:	2f 91       	pop	r18
     2aa:	0f 90       	pop	r0
     2ac:	0f be       	out	0x3f, r0	; 63
     2ae:	0f 90       	pop	r0
     2b0:	1f 90       	pop	r1
     2b2:	18 95       	reti

000002b4 <buzzer_beep>:
     2b4:	90 e0       	ldi	r25, 0x00	; 0
     2b6:	0f c0       	rjmp	.+30     	; 0x2d6 <buzzer_beep+0x22>
     2b8:	82 b3       	in	r24, 0x12	; 18
     2ba:	80 64       	ori	r24, 0x40	; 64
     2bc:	82 bb       	out	0x12, r24	; 18
     2be:	86 ea       	ldi	r24, 0xA6	; 166
     2c0:	8a 95       	dec	r24
     2c2:	f1 f7       	brne	.-4      	; 0x2c0 <buzzer_beep+0xc>
     2c4:	00 c0       	rjmp	.+0      	; 0x2c6 <buzzer_beep+0x12>
     2c6:	82 b3       	in	r24, 0x12	; 18
     2c8:	8f 7b       	andi	r24, 0xBF	; 191
     2ca:	82 bb       	out	0x12, r24	; 18
     2cc:	86 ea       	ldi	r24, 0xA6	; 166
     2ce:	8a 95       	dec	r24
     2d0:	f1 f7       	brne	.-4      	; 0x2ce <buzzer_beep+0x1a>
     2d2:	00 c0       	rjmp	.+0      	; 0x2d4 <buzzer_beep+0x20>
     2d4:	9f 5f       	subi	r25, 0xFF	; 255
     2d6:	98 32       	cpi	r25, 0x28	; 40
     2d8:	78 f3       	brcs	.-34     	; 0x2b8 <buzzer_beep+0x4>
     2da:	08 95       	ret

000002dc <buzzer_long_beep>:
     2dc:	90 e0       	ldi	r25, 0x00	; 0
     2de:	0f c0       	rjmp	.+30     	; 0x2fe <buzzer_long_beep+0x22>
     2e0:	82 b3       	in	r24, 0x12	; 18
     2e2:	80 64       	ori	r24, 0x40	; 64
     2e4:	82 bb       	out	0x12, r24	; 18
     2e6:	86 ea       	ldi	r24, 0xA6	; 166
     2e8:	8a 95       	dec	r24
     2ea:	f1 f7       	brne	.-4      	; 0x2e8 <buzzer_long_beep+0xc>
     2ec:	00 c0       	rjmp	.+0      	; 0x2ee <buzzer_long_beep+0x12>
     2ee:	82 b3       	in	r24, 0x12	; 18
     2f0:	8f 7b       	andi	r24, 0xBF	; 191
     2f2:	82 bb       	out	0x12, r24	; 18
     2f4:	86 ea       	ldi	r24, 0xA6	; 166
     2f6:	8a 95       	dec	r24
     2f8:	f1 f7       	brne	.-4      	; 0x2f6 <buzzer_long_beep+0x1a>
     2fa:	00 c0       	rjmp	.+0      	; 0x2fc <buzzer_long_beep+0x20>
     2fc:	9f 5f       	subi	r25, 0xFF	; 255
     2fe:	98 3c       	cpi	r25, 0xC8	; 200
     300:	78 f3       	brcs	.-34     	; 0x2e0 <buzzer_long_beep+0x4>
     302:	08 95       	ret

00000304 <LCD_Command>:
     304:	88 bb       	out	0x18, r24	; 24
     306:	82 b3       	in	r24, 0x12	; 18
     308:	8e 7f       	andi	r24, 0xFE	; 254
     30a:	82 bb       	out	0x12, r24	; 18
     30c:	82 b3       	in	r24, 0x12	; 18
     30e:	8d 7f       	andi	r24, 0xFD	; 253
     310:	82 bb       	out	0x12, r24	; 18
     312:	82 b3       	in	r24, 0x12	; 18
     314:	84 60       	ori	r24, 0x04	; 4
     316:	82 bb       	out	0x12, r24	; 18
     318:	00 00       	nop
     31a:	82 b3       	in	r24, 0x12	; 18
     31c:	8b 7f       	andi	r24, 0xFB	; 251
     31e:	82 bb       	out	0x12, r24	; 18
     320:	83 ef       	ldi	r24, 0xF3	; 243
     322:	91 e0       	ldi	r25, 0x01	; 1
     324:	01 97       	sbiw	r24, 0x01	; 1
     326:	f1 f7       	brne	.-4      	; 0x324 <LCD_Command+0x20>
     328:	00 c0       	rjmp	.+0      	; 0x32a <LCD_Command+0x26>
     32a:	00 00       	nop
     32c:	08 95       	ret

0000032e <LCD_Char>:
     32e:	88 bb       	out	0x18, r24	; 24
     330:	82 b3       	in	r24, 0x12	; 18
     332:	81 60       	ori	r24, 0x01	; 1
     334:	82 bb       	out	0x12, r24	; 18
     336:	82 b3       	in	r24, 0x12	; 18
     338:	8d 7f       	andi	r24, 0xFD	; 253
     33a:	82 bb       	out	0x12, r24	; 18
     33c:	82 b3       	in	r24, 0x12	; 18
     33e:	84 60       	ori	r24, 0x04	; 4
     340:	82 bb       	out	0x12, r24	; 18
     342:	00 00       	nop
     344:	82 b3       	in	r24, 0x12	; 18
     346:	8b 7f       	andi	r24, 0xFB	; 251
     348:	82 bb       	out	0x12, r24	; 18
     34a:	83 ef       	ldi	r24, 0xF3	; 243
     34c:	91 e0       	ldi	r25, 0x01	; 1
     34e:	01 97       	sbiw	r24, 0x01	; 1
     350:	f1 f7       	brne	.-4      	; 0x34e <LCD_Char+0x20>
     352:	00 c0       	rjmp	.+0      	; 0x354 <LCD_Char+0x26>
     354:	00 00       	nop
     356:	08 95       	ret

00000358 <LCD_Init>:
     358:	81 b3       	in	r24, 0x11	; 17
     35a:	87 60       	ori	r24, 0x07	; 7
     35c:	81 bb       	out	0x11, r24	; 17
     35e:	8f ef       	ldi	r24, 0xFF	; 255
     360:	87 bb       	out	0x17, r24	; 23
     362:	87 e8       	ldi	r24, 0x87	; 135
     364:	93 e1       	ldi	r25, 0x13	; 19
     366:	01 97       	sbiw	r24, 0x01	; 1
     368:	f1 f7       	brne	.-4      	; 0x366 <LCD_Init+0xe>
     36a:	00 c0       	rjmp	.+0      	; 0x36c <LCD_Init+0x14>
     36c:	00 00       	nop
     36e:	88 e3       	ldi	r24, 0x38	; 56
     370:	0e 94 82 01 	call	0x304	; 0x304 <LCD_Command>
     374:	8c e0       	ldi	r24, 0x0C	; 12
     376:	0e 94 82 01 	call	0x304	; 0x304 <LCD_Command>
     37a:	86 e0       	ldi	r24, 0x06	; 6
     37c:	0e 94 82 01 	call	0x304	; 0x304 <LCD_Command>
     380:	81 e0       	ldi	r24, 0x01	; 1
     382:	0e 94 82 01 	call	0x304	; 0x304 <LCD_Command>
     386:	83 ef       	ldi	r24, 0xF3	; 243
     388:	91 e0       	ldi	r25, 0x01	; 1
     38a:	01 97       	sbiw	r24, 0x01	; 1
     38c:	f1 f7       	brne	.-4      	; 0x38a <LCD_Init+0x32>
     38e:	00 c0       	rjmp	.+0      	; 0x390 <LCD_Init+0x38>
     390:	00 00       	nop
     392:	80 e8       	ldi	r24, 0x80	; 128
     394:	0e 94 82 01 	call	0x304	; 0x304 <LCD_Command>
     398:	08 95       	ret

0000039a <LCD_Clear>:
     39a:	81 e0       	ldi	r24, 0x01	; 1
     39c:	0e 94 82 01 	call	0x304	; 0x304 <LCD_Command>
     3a0:	80 e8       	ldi	r24, 0x80	; 128
     3a2:	0e 94 82 01 	call	0x304	; 0x304 <LCD_Command>
     3a6:	08 95       	ret

000003a8 <LCD_String>:
     3a8:	0f 93       	push	r16
     3aa:	1f 93       	push	r17
     3ac:	cf 93       	push	r28
     3ae:	df 93       	push	r29
     3b0:	8c 01       	movw	r16, r24
     3b2:	c0 e0       	ldi	r28, 0x00	; 0
     3b4:	d0 e0       	ldi	r29, 0x00	; 0
     3b6:	03 c0       	rjmp	.+6      	; 0x3be <LCD_String+0x16>
     3b8:	0e 94 97 01 	call	0x32e	; 0x32e <LCD_Char>
     3bc:	21 96       	adiw	r28, 0x01	; 1
     3be:	f8 01       	movw	r30, r16
     3c0:	ec 0f       	add	r30, r28
     3c2:	fd 1f       	adc	r31, r29
     3c4:	80 81       	ld	r24, Z
     3c6:	81 11       	cpse	r24, r1
     3c8:	f7 cf       	rjmp	.-18     	; 0x3b8 <LCD_String+0x10>
     3ca:	df 91       	pop	r29
     3cc:	cf 91       	pop	r28
     3ce:	1f 91       	pop	r17
     3d0:	0f 91       	pop	r16
     3d2:	08 95       	ret

000003d4 <LCD_String_xy>:
     3d4:	cf 93       	push	r28
     3d6:	df 93       	push	r29
     3d8:	ea 01       	movw	r28, r20
     3da:	81 11       	cpse	r24, r1
     3dc:	08 c0       	rjmp	.+16     	; 0x3ee <LCD_String_xy+0x1a>
     3de:	60 31       	cpi	r22, 0x10	; 16
     3e0:	30 f4       	brcc	.+12     	; 0x3ee <LCD_String_xy+0x1a>
     3e2:	86 2f       	mov	r24, r22
     3e4:	8f 70       	andi	r24, 0x0F	; 15
     3e6:	80 68       	ori	r24, 0x80	; 128
     3e8:	0e 94 82 01 	call	0x304	; 0x304 <LCD_Command>
     3ec:	09 c0       	rjmp	.+18     	; 0x400 <__EEPROM_REGION_LENGTH__>
     3ee:	81 30       	cpi	r24, 0x01	; 1
     3f0:	39 f4       	brne	.+14     	; 0x400 <__EEPROM_REGION_LENGTH__>
     3f2:	60 31       	cpi	r22, 0x10	; 16
     3f4:	28 f4       	brcc	.+10     	; 0x400 <__EEPROM_REGION_LENGTH__>
     3f6:	86 2f       	mov	r24, r22
     3f8:	8f 70       	andi	r24, 0x0F	; 15
     3fa:	80 6c       	ori	r24, 0xC0	; 192
     3fc:	0e 94 82 01 	call	0x304	; 0x304 <LCD_Command>
     400:	ce 01       	movw	r24, r28
     402:	0e 94 d4 01 	call	0x3a8	; 0x3a8 <LCD_String>
     406:	df 91       	pop	r29
     408:	cf 91       	pop	r28
     40a:	08 95       	ret

0000040c <update_display>:
     40c:	cf 93       	push	r28
     40e:	df 93       	push	r29
     410:	cd b7       	in	r28, 0x3d	; 61
     412:	de b7       	in	r29, 0x3e	; 62
     414:	a5 97       	sbiw	r28, 0x25	; 37
     416:	0f b6       	in	r0, 0x3f	; 63
     418:	f8 94       	cli
     41a:	de bf       	out	0x3e, r29	; 62
     41c:	0f be       	out	0x3f, r0	; 63
     41e:	cd bf       	out	0x3d, r28	; 61
     420:	80 91 04 03 	lds	r24, 0x0304	; 0x800304 <display_mode>
     424:	81 11       	cpse	r24, r1
     426:	99 c0       	rjmp	.+306    	; 0x55a <update_display+0x14e>
     428:	80 91 0d 03 	lds	r24, 0x030D	; 0x80030d <hours>
     42c:	20 e2       	ldi	r18, 0x20	; 32
     42e:	30 e2       	ldi	r19, 0x20	; 32
     430:	3c a3       	std	Y+36, r19	; 0x24
     432:	2b a3       	std	Y+35, r18	; 0x23
     434:	1d a2       	std	Y+37, r1	; 0x25
     436:	90 91 7a 00 	lds	r25, 0x007A	; 0x80007a <mode_12hr>
     43a:	99 23       	and	r25, r25
     43c:	f1 f1       	breq	.+124    	; 0x4ba <update_display+0xae>
     43e:	90 91 0d 03 	lds	r25, 0x030D	; 0x80030d <hours>
     442:	99 23       	and	r25, r25
     444:	41 f0       	breq	.+16     	; 0x456 <update_display+0x4a>
     446:	90 91 0d 03 	lds	r25, 0x030D	; 0x80030d <hours>
     44a:	9d 30       	cpi	r25, 0x0D	; 13
     44c:	28 f0       	brcs	.+10     	; 0x458 <update_display+0x4c>
     44e:	80 91 0d 03 	lds	r24, 0x030D	; 0x80030d <hours>
     452:	8c 50       	subi	r24, 0x0C	; 12
     454:	01 c0       	rjmp	.+2      	; 0x458 <update_display+0x4c>
     456:	8c e0       	ldi	r24, 0x0C	; 12
     458:	90 91 0d 03 	lds	r25, 0x030D	; 0x80030d <hours>
     45c:	9c 30       	cpi	r25, 0x0C	; 12
     45e:	30 f4       	brcc	.+12     	; 0x46c <update_display+0x60>
     460:	21 e4       	ldi	r18, 0x41	; 65
     462:	3d e4       	ldi	r19, 0x4D	; 77
     464:	3c a3       	std	Y+36, r19	; 0x24
     466:	2b a3       	std	Y+35, r18	; 0x23
     468:	1d a2       	std	Y+37, r1	; 0x25
     46a:	05 c0       	rjmp	.+10     	; 0x476 <update_display+0x6a>
     46c:	20 e5       	ldi	r18, 0x50	; 80
     46e:	3d e4       	ldi	r19, 0x4D	; 77
     470:	3c a3       	std	Y+36, r19	; 0x24
     472:	2b a3       	std	Y+35, r18	; 0x23
     474:	1d a2       	std	Y+37, r1	; 0x25
     476:	40 91 0b 03 	lds	r20, 0x030B	; 0x80030b <seconds>
     47a:	90 91 0c 03 	lds	r25, 0x030C	; 0x80030c <minutes>
     47e:	9e 01       	movw	r18, r28
     480:	2d 5d       	subi	r18, 0xDD	; 221
     482:	3f 4f       	sbci	r19, 0xFF	; 255
     484:	3f 93       	push	r19
     486:	2f 93       	push	r18
     488:	1f 92       	push	r1
     48a:	4f 93       	push	r20
     48c:	1f 92       	push	r1
     48e:	9f 93       	push	r25
     490:	1f 92       	push	r1
     492:	8f 93       	push	r24
     494:	88 e8       	ldi	r24, 0x88	; 136
     496:	90 e0       	ldi	r25, 0x00	; 0
     498:	9f 93       	push	r25
     49a:	8f 93       	push	r24
     49c:	1f 92       	push	r1
     49e:	81 e1       	ldi	r24, 0x11	; 17
     4a0:	8f 93       	push	r24
     4a2:	ce 01       	movw	r24, r28
     4a4:	01 96       	adiw	r24, 0x01	; 1
     4a6:	9f 93       	push	r25
     4a8:	8f 93       	push	r24
     4aa:	0e 94 d0 08 	call	0x11a0	; 0x11a0 <snprintf>
     4ae:	0f b6       	in	r0, 0x3f	; 63
     4b0:	f8 94       	cli
     4b2:	de bf       	out	0x3e, r29	; 62
     4b4:	0f be       	out	0x3f, r0	; 63
     4b6:	cd bf       	out	0x3d, r28	; 61
     4b8:	1e c0       	rjmp	.+60     	; 0x4f6 <update_display+0xea>
     4ba:	20 91 0b 03 	lds	r18, 0x030B	; 0x80030b <seconds>
     4be:	90 91 0c 03 	lds	r25, 0x030C	; 0x80030c <minutes>
     4c2:	80 91 0d 03 	lds	r24, 0x030D	; 0x80030d <hours>
     4c6:	1f 92       	push	r1
     4c8:	2f 93       	push	r18
     4ca:	1f 92       	push	r1
     4cc:	9f 93       	push	r25
     4ce:	1f 92       	push	r1
     4d0:	8f 93       	push	r24
     4d2:	8d e9       	ldi	r24, 0x9D	; 157
     4d4:	90 e0       	ldi	r25, 0x00	; 0
     4d6:	9f 93       	push	r25
     4d8:	8f 93       	push	r24
     4da:	1f 92       	push	r1
     4dc:	81 e1       	ldi	r24, 0x11	; 17
     4de:	8f 93       	push	r24
     4e0:	ce 01       	movw	r24, r28
     4e2:	01 96       	adiw	r24, 0x01	; 1
     4e4:	9f 93       	push	r25
     4e6:	8f 93       	push	r24
     4e8:	0e 94 d0 08 	call	0x11a0	; 0x11a0 <snprintf>
     4ec:	0f b6       	in	r0, 0x3f	; 63
     4ee:	f8 94       	cli
     4f0:	de bf       	out	0x3e, r29	; 62
     4f2:	0f be       	out	0x3f, r0	; 63
     4f4:	cd bf       	out	0x3d, r28	; 61
     4f6:	80 91 07 03 	lds	r24, 0x0307	; 0x800307 <month>
     4fa:	88 23       	and	r24, r24
     4fc:	59 f0       	breq	.+22     	; 0x514 <update_display+0x108>
     4fe:	90 91 08 03 	lds	r25, 0x0308	; 0x800308 <day>
     502:	99 23       	and	r25, r25
     504:	39 f0       	breq	.+14     	; 0x514 <update_display+0x108>
     506:	20 91 05 03 	lds	r18, 0x0305	; 0x800305 <year>
     50a:	30 91 06 03 	lds	r19, 0x0306	; 0x800306 <year+0x1>
     50e:	21 15       	cp	r18, r1
     510:	31 05       	cpc	r19, r1
     512:	51 f4       	brne	.+20     	; 0x528 <update_display+0x11c>
     514:	81 e1       	ldi	r24, 0x11	; 17
     516:	ec ef       	ldi	r30, 0xFC	; 252
     518:	f0 e0       	ldi	r31, 0x00	; 0
     51a:	de 01       	movw	r26, r28
     51c:	52 96       	adiw	r26, 0x12	; 18
     51e:	01 90       	ld	r0, Z+
     520:	0d 92       	st	X+, r0
     522:	8a 95       	dec	r24
     524:	e1 f7       	brne	.-8      	; 0x51e <update_display+0x112>
     526:	b0 c0       	rjmp	.+352    	; 0x688 <update_display+0x27c>
     528:	3f 93       	push	r19
     52a:	2f 93       	push	r18
     52c:	1f 92       	push	r1
     52e:	8f 93       	push	r24
     530:	1f 92       	push	r1
     532:	9f 93       	push	r25
     534:	83 eb       	ldi	r24, 0xB3	; 179
     536:	90 e0       	ldi	r25, 0x00	; 0
     538:	9f 93       	push	r25
     53a:	8f 93       	push	r24
     53c:	1f 92       	push	r1
     53e:	81 e1       	ldi	r24, 0x11	; 17
     540:	8f 93       	push	r24
     542:	ce 01       	movw	r24, r28
     544:	42 96       	adiw	r24, 0x12	; 18
     546:	9f 93       	push	r25
     548:	8f 93       	push	r24
     54a:	0e 94 d0 08 	call	0x11a0	; 0x11a0 <snprintf>
     54e:	0f b6       	in	r0, 0x3f	; 63
     550:	f8 94       	cli
     552:	de bf       	out	0x3e, r29	; 62
     554:	0f be       	out	0x3f, r0	; 63
     556:	cd bf       	out	0x3d, r28	; 61
     558:	97 c0       	rjmp	.+302    	; 0x688 <update_display+0x27c>
     55a:	e0 91 07 03 	lds	r30, 0x0307	; 0x800307 <month>
     55e:	ee 23       	and	r30, r30
     560:	59 f0       	breq	.+22     	; 0x578 <update_display+0x16c>
     562:	80 91 08 03 	lds	r24, 0x0308	; 0x800308 <day>
     566:	88 23       	and	r24, r24
     568:	39 f0       	breq	.+14     	; 0x578 <update_display+0x16c>
     56a:	20 91 05 03 	lds	r18, 0x0305	; 0x800305 <year>
     56e:	30 91 06 03 	lds	r19, 0x0306	; 0x800306 <year+0x1>
     572:	21 15       	cp	r18, r1
     574:	31 05       	cpc	r19, r1
     576:	51 f4       	brne	.+20     	; 0x58c <update_display+0x180>
     578:	81 e1       	ldi	r24, 0x11	; 17
     57a:	ed e0       	ldi	r30, 0x0D	; 13
     57c:	f1 e0       	ldi	r31, 0x01	; 1
     57e:	de 01       	movw	r26, r28
     580:	11 96       	adiw	r26, 0x01	; 1
     582:	01 90       	ld	r0, Z+
     584:	0d 92       	st	X+, r0
     586:	8a 95       	dec	r24
     588:	e1 f7       	brne	.-8      	; 0x582 <update_display+0x176>
     58a:	1f c0       	rjmp	.+62     	; 0x5ca <update_display+0x1be>
     58c:	3f 93       	push	r19
     58e:	2f 93       	push	r18
     590:	f0 e0       	ldi	r31, 0x00	; 0
     592:	ee 0f       	add	r30, r30
     594:	ff 1f       	adc	r31, r31
     596:	e0 5a       	subi	r30, 0xA0	; 160
     598:	ff 4f       	sbci	r31, 0xFF	; 255
     59a:	91 81       	ldd	r25, Z+1	; 0x01
     59c:	9f 93       	push	r25
     59e:	90 81       	ld	r25, Z
     5a0:	9f 93       	push	r25
     5a2:	1f 92       	push	r1
     5a4:	8f 93       	push	r24
     5a6:	86 ec       	ldi	r24, 0xC6	; 198
     5a8:	90 e0       	ldi	r25, 0x00	; 0
     5aa:	9f 93       	push	r25
     5ac:	8f 93       	push	r24
     5ae:	1f 92       	push	r1
     5b0:	81 e1       	ldi	r24, 0x11	; 17
     5b2:	8f 93       	push	r24
     5b4:	ce 01       	movw	r24, r28
     5b6:	01 96       	adiw	r24, 0x01	; 1
     5b8:	9f 93       	push	r25
     5ba:	8f 93       	push	r24
     5bc:	0e 94 d0 08 	call	0x11a0	; 0x11a0 <snprintf>
     5c0:	0f b6       	in	r0, 0x3f	; 63
     5c2:	f8 94       	cli
     5c4:	de bf       	out	0x3e, r29	; 62
     5c6:	0f be       	out	0x3f, r0	; 63
     5c8:	cd bf       	out	0x3d, r28	; 61
     5ca:	80 91 0d 03 	lds	r24, 0x030D	; 0x80030d <hours>
     5ce:	20 e2       	ldi	r18, 0x20	; 32
     5d0:	30 e2       	ldi	r19, 0x20	; 32
     5d2:	3c a3       	std	Y+36, r19	; 0x24
     5d4:	2b a3       	std	Y+35, r18	; 0x23
     5d6:	1d a2       	std	Y+37, r1	; 0x25
     5d8:	90 91 7a 00 	lds	r25, 0x007A	; 0x80007a <mode_12hr>
     5dc:	99 23       	and	r25, r25
     5de:	d1 f1       	breq	.+116    	; 0x654 <update_display+0x248>
     5e0:	90 91 0d 03 	lds	r25, 0x030D	; 0x80030d <hours>
     5e4:	99 23       	and	r25, r25
     5e6:	41 f0       	breq	.+16     	; 0x5f8 <update_display+0x1ec>
     5e8:	90 91 0d 03 	lds	r25, 0x030D	; 0x80030d <hours>
     5ec:	9d 30       	cpi	r25, 0x0D	; 13
     5ee:	28 f0       	brcs	.+10     	; 0x5fa <update_display+0x1ee>
     5f0:	80 91 0d 03 	lds	r24, 0x030D	; 0x80030d <hours>
     5f4:	8c 50       	subi	r24, 0x0C	; 12
     5f6:	01 c0       	rjmp	.+2      	; 0x5fa <update_display+0x1ee>
     5f8:	8c e0       	ldi	r24, 0x0C	; 12
     5fa:	90 91 0d 03 	lds	r25, 0x030D	; 0x80030d <hours>
     5fe:	9c 30       	cpi	r25, 0x0C	; 12
     600:	30 f4       	brcc	.+12     	; 0x60e <update_display+0x202>
     602:	21 e4       	ldi	r18, 0x41	; 65
     604:	3d e4       	ldi	r19, 0x4D	; 77
     606:	3c a3       	std	Y+36, r19	; 0x24
     608:	2b a3       	std	Y+35, r18	; 0x23
     60a:	1d a2       	std	Y+37, r1	; 0x25
     60c:	05 c0       	rjmp	.+10     	; 0x618 <update_display+0x20c>
     60e:	20 e5       	ldi	r18, 0x50	; 80
     610:	3d e4       	ldi	r19, 0x4D	; 77
     612:	3c a3       	std	Y+36, r19	; 0x24
     614:	2b a3       	std	Y+35, r18	; 0x23
     616:	1d a2       	std	Y+37, r1	; 0x25
     618:	90 91 0c 03 	lds	r25, 0x030C	; 0x80030c <minutes>
     61c:	9e 01       	movw	r18, r28
     61e:	2d 5d       	subi	r18, 0xDD	; 221
     620:	3f 4f       	sbci	r19, 0xFF	; 255
     622:	3f 93       	push	r19
     624:	2f 93       	push	r18
     626:	1f 92       	push	r1
     628:	9f 93       	push	r25
     62a:	1f 92       	push	r1
     62c:	8f 93       	push	r24
     62e:	86 ed       	ldi	r24, 0xD6	; 214
     630:	90 e0       	ldi	r25, 0x00	; 0
     632:	9f 93       	push	r25
     634:	8f 93       	push	r24
     636:	1f 92       	push	r1
     638:	81 e1       	ldi	r24, 0x11	; 17
     63a:	8f 93       	push	r24
     63c:	ce 01       	movw	r24, r28
     63e:	42 96       	adiw	r24, 0x12	; 18
     640:	9f 93       	push	r25
     642:	8f 93       	push	r24
     644:	0e 94 d0 08 	call	0x11a0	; 0x11a0 <snprintf>
     648:	0f b6       	in	r0, 0x3f	; 63
     64a:	f8 94       	cli
     64c:	de bf       	out	0x3e, r29	; 62
     64e:	0f be       	out	0x3f, r0	; 63
     650:	cd bf       	out	0x3d, r28	; 61
     652:	1a c0       	rjmp	.+52     	; 0x688 <update_display+0x27c>
     654:	90 91 0c 03 	lds	r25, 0x030C	; 0x80030c <minutes>
     658:	80 91 0d 03 	lds	r24, 0x030D	; 0x80030d <hours>
     65c:	1f 92       	push	r1
     65e:	9f 93       	push	r25
     660:	1f 92       	push	r1
     662:	8f 93       	push	r24
     664:	89 ee       	ldi	r24, 0xE9	; 233
     666:	90 e0       	ldi	r25, 0x00	; 0
     668:	9f 93       	push	r25
     66a:	8f 93       	push	r24
     66c:	1f 92       	push	r1
     66e:	81 e1       	ldi	r24, 0x11	; 17
     670:	8f 93       	push	r24
     672:	ce 01       	movw	r24, r28
     674:	42 96       	adiw	r24, 0x12	; 18
     676:	9f 93       	push	r25
     678:	8f 93       	push	r24
     67a:	0e 94 d0 08 	call	0x11a0	; 0x11a0 <snprintf>
     67e:	0f b6       	in	r0, 0x3f	; 63
     680:	f8 94       	cli
     682:	de bf       	out	0x3e, r29	; 62
     684:	0f be       	out	0x3f, r0	; 63
     686:	cd bf       	out	0x3d, r28	; 61
     688:	ae 01       	movw	r20, r28
     68a:	4f 5f       	subi	r20, 0xFF	; 255
     68c:	5f 4f       	sbci	r21, 0xFF	; 255
     68e:	60 e0       	ldi	r22, 0x00	; 0
     690:	80 e0       	ldi	r24, 0x00	; 0
     692:	0e 94 ea 01 	call	0x3d4	; 0x3d4 <LCD_String_xy>
     696:	ae 01       	movw	r20, r28
     698:	4e 5e       	subi	r20, 0xEE	; 238
     69a:	5f 4f       	sbci	r21, 0xFF	; 255
     69c:	60 e0       	ldi	r22, 0x00	; 0
     69e:	81 e0       	ldi	r24, 0x01	; 1
     6a0:	0e 94 ea 01 	call	0x3d4	; 0x3d4 <LCD_String_xy>
     6a4:	a5 96       	adiw	r28, 0x25	; 37
     6a6:	0f b6       	in	r0, 0x3f	; 63
     6a8:	f8 94       	cli
     6aa:	de bf       	out	0x3e, r29	; 62
     6ac:	0f be       	out	0x3f, r0	; 63
     6ae:	cd bf       	out	0x3d, r28	; 61
     6b0:	df 91       	pop	r29
     6b2:	cf 91       	pop	r28
     6b4:	08 95       	ret

000006b6 <LCD_PutCharAt>:
     6b6:	cf 93       	push	r28
     6b8:	c8 2f       	mov	r28, r24
     6ba:	61 11       	cpse	r22, r1
     6bc:	08 c0       	rjmp	.+16     	; 0x6ce <LCD_PutCharAt+0x18>
     6be:	40 31       	cpi	r20, 0x10	; 16
     6c0:	30 f4       	brcc	.+12     	; 0x6ce <LCD_PutCharAt+0x18>
     6c2:	84 2f       	mov	r24, r20
     6c4:	8f 70       	andi	r24, 0x0F	; 15
     6c6:	80 68       	ori	r24, 0x80	; 128
     6c8:	0e 94 82 01 	call	0x304	; 0x304 <LCD_Command>
     6cc:	09 c0       	rjmp	.+18     	; 0x6e0 <LCD_PutCharAt+0x2a>
     6ce:	61 30       	cpi	r22, 0x01	; 1
     6d0:	39 f4       	brne	.+14     	; 0x6e0 <LCD_PutCharAt+0x2a>
     6d2:	40 31       	cpi	r20, 0x10	; 16
     6d4:	28 f4       	brcc	.+10     	; 0x6e0 <LCD_PutCharAt+0x2a>
     6d6:	84 2f       	mov	r24, r20
     6d8:	8f 70       	andi	r24, 0x0F	; 15
     6da:	80 6c       	ori	r24, 0xC0	; 192
     6dc:	0e 94 82 01 	call	0x304	; 0x304 <LCD_Command>
     6e0:	8c 2f       	mov	r24, r28
     6e2:	0e 94 97 01 	call	0x32e	; 0x32e <LCD_Char>
     6e6:	cf 91       	pop	r28
     6e8:	08 95       	ret

000006ea <LCD_Print_Full_Line>:
}

void LCD_Print_Full_Line(char *str, uint8_t line)
{
     6ea:	cf 93       	push	r28
     6ec:	df 93       	push	r29
     6ee:	cd b7       	in	r28, 0x3d	; 61
     6f0:	de b7       	in	r29, 0x3e	; 62
     6f2:	61 97       	sbiw	r28, 0x11	; 17
     6f4:	0f b6       	in	r0, 0x3f	; 63
     6f6:	f8 94       	cli
     6f8:	de bf       	out	0x3e, r29	; 62
     6fa:	0f be       	out	0x3f, r0	; 63
     6fc:	cd bf       	out	0x3d, r28	; 61
     6fe:	dc 01       	movw	r26, r24
     700:	86 2f       	mov	r24, r22
	char buffer[17];
	uint8_t len = strlen(str);
     702:	fd 01       	movw	r30, r26
     704:	01 90       	ld	r0, Z+
     706:	00 20       	and	r0, r0
     708:	e9 f7       	brne	.-6      	; 0x704 <LCD_Print_Full_Line+0x1a>
     70a:	31 97       	sbiw	r30, 0x01	; 1
     70c:	4e 2f       	mov	r20, r30
     70e:	4a 1b       	sub	r20, r26
	
	if(len > 16) len = 16;
     710:	41 31       	cpi	r20, 0x11	; 17
     712:	08 f0       	brcs	.+2      	; 0x716 <LCD_Print_Full_Line+0x2c>
     714:	40 e1       	ldi	r20, 0x10	; 16
	
	// Center the text
	uint8_t padding = (16 - len) / 2;
     716:	60 e1       	ldi	r22, 0x10	; 16
     718:	70 e0       	ldi	r23, 0x00	; 0
     71a:	64 1b       	sub	r22, r20
     71c:	71 09       	sbc	r23, r1
     71e:	9b 01       	movw	r18, r22
     720:	12 f4       	brpl	.+4      	; 0x726 <LCD_Print_Full_Line+0x3c>
     722:	2f 5f       	subi	r18, 0xFF	; 255
     724:	3f 4f       	sbci	r19, 0xFF	; 255
     726:	35 95       	asr	r19
     728:	27 95       	ror	r18
     72a:	32 2f       	mov	r19, r18
	uint8_t i;
	
	for(i = 0; i < padding; i++)
     72c:	90 e0       	ldi	r25, 0x00	; 0
     72e:	09 c0       	rjmp	.+18     	; 0x742 <LCD_Print_Full_Line+0x58>
	buffer[i] = ' ';
     730:	e1 e0       	ldi	r30, 0x01	; 1
     732:	f0 e0       	ldi	r31, 0x00	; 0
     734:	ec 0f       	add	r30, r28
     736:	fd 1f       	adc	r31, r29
     738:	e9 0f       	add	r30, r25
     73a:	f1 1d       	adc	r31, r1
     73c:	20 e2       	ldi	r18, 0x20	; 32
     73e:	20 83       	st	Z, r18
	
	// Center the text
	uint8_t padding = (16 - len) / 2;
	uint8_t i;
	
	for(i = 0; i < padding; i++)
     740:	9f 5f       	subi	r25, 0xFF	; 255
     742:	93 17       	cp	r25, r19
     744:	a8 f3       	brcs	.-22     	; 0x730 <LCD_Print_Full_Line+0x46>
     746:	20 e0       	ldi	r18, 0x00	; 0
     748:	0d c0       	rjmp	.+26     	; 0x764 <LCD_Print_Full_Line+0x7a>
	buffer[i] = ' ';
	
	for(uint8_t j = 0; j < len; j++, i++)
	buffer[i] = str[j];
     74a:	fd 01       	movw	r30, r26
     74c:	e2 0f       	add	r30, r18
     74e:	f1 1d       	adc	r31, r1
     750:	30 81       	ld	r19, Z
     752:	e1 e0       	ldi	r30, 0x01	; 1
     754:	f0 e0       	ldi	r31, 0x00	; 0
     756:	ec 0f       	add	r30, r28
     758:	fd 1f       	adc	r31, r29
     75a:	e9 0f       	add	r30, r25
     75c:	f1 1d       	adc	r31, r1
     75e:	30 83       	st	Z, r19
	uint8_t i;
	
	for(i = 0; i < padding; i++)
	buffer[i] = ' ';
	
	for(uint8_t j = 0; j < len; j++, i++)
     760:	2f 5f       	subi	r18, 0xFF	; 255
     762:	9f 5f       	subi	r25, 0xFF	; 255
     764:	24 17       	cp	r18, r20
     766:	88 f3       	brcs	.-30     	; 0x74a <LCD_Print_Full_Line+0x60>
     768:	09 c0       	rjmp	.+18     	; 0x77c <LCD_Print_Full_Line+0x92>
	buffer[i] = str[j];
	
	while(i < 16)
	buffer[i++] = ' ';
     76a:	e1 e0       	ldi	r30, 0x01	; 1
     76c:	f0 e0       	ldi	r31, 0x00	; 0
     76e:	ec 0f       	add	r30, r28
     770:	fd 1f       	adc	r31, r29
     772:	e9 0f       	add	r30, r25
     774:	f1 1d       	adc	r31, r1
     776:	20 e2       	ldi	r18, 0x20	; 32
     778:	20 83       	st	Z, r18
     77a:	9f 5f       	subi	r25, 0xFF	; 255
	buffer[i] = ' ';
	
	for(uint8_t j = 0; j < len; j++, i++)
	buffer[i] = str[j];
	
	while(i < 16)
     77c:	90 31       	cpi	r25, 0x10	; 16
     77e:	a8 f3       	brcs	.-22     	; 0x76a <LCD_Print_Full_Line+0x80>
	buffer[i++] = ' ';
	
	buffer[16] = '\0';
     780:	19 8a       	std	Y+17, r1	; 0x11
	
	LCD_String_xy(line, 0, buffer);
     782:	ae 01       	movw	r20, r28
     784:	4f 5f       	subi	r20, 0xFF	; 255
     786:	5f 4f       	sbci	r21, 0xFF	; 255
     788:	60 e0       	ldi	r22, 0x00	; 0
     78a:	0e 94 ea 01 	call	0x3d4	; 0x3d4 <LCD_String_xy>
}
     78e:	61 96       	adiw	r28, 0x11	; 17
     790:	0f b6       	in	r0, 0x3f	; 63
     792:	f8 94       	cli
     794:	de bf       	out	0x3e, r29	; 62
     796:	0f be       	out	0x3f, r0	; 63
     798:	cd bf       	out	0x3d, r28	; 61
     79a:	df 91       	pop	r29
     79c:	cf 91       	pop	r28
     79e:	08 95       	ret

000007a0 <toggle_12hr_mode>:
}

// ---------- MODE TOGGLE ----------
void toggle_12hr_mode(void)
{
	mode_12hr = !mode_12hr;
     7a0:	81 e0       	ldi	r24, 0x01	; 1
     7a2:	90 91 7a 00 	lds	r25, 0x007A	; 0x80007a <mode_12hr>
     7a6:	91 11       	cpse	r25, r1
     7a8:	80 e0       	ldi	r24, 0x00	; 0
     7aa:	80 93 7a 00 	sts	0x007A, r24	; 0x80007a <mode_12hr>
	
	LCD_Clear();
     7ae:	0e 94 cd 01 	call	0x39a	; 0x39a <LCD_Clear>
	if(mode_12hr)
     7b2:	80 91 7a 00 	lds	r24, 0x007A	; 0x80007a <mode_12hr>
     7b6:	88 23       	and	r24, r24
     7b8:	31 f0       	breq	.+12     	; 0x7c6 <toggle_12hr_mode+0x26>
	LCD_Print_Full_Line("12-HOUR MODE", 0);
     7ba:	60 e0       	ldi	r22, 0x00	; 0
     7bc:	8e e1       	ldi	r24, 0x1E	; 30
     7be:	91 e0       	ldi	r25, 0x01	; 1
     7c0:	0e 94 75 03 	call	0x6ea	; 0x6ea <LCD_Print_Full_Line>
     7c4:	05 c0       	rjmp	.+10     	; 0x7d0 <toggle_12hr_mode+0x30>
	else
	LCD_Print_Full_Line("24-HOUR MODE", 0);
     7c6:	60 e0       	ldi	r22, 0x00	; 0
     7c8:	8b e2       	ldi	r24, 0x2B	; 43
     7ca:	91 e0       	ldi	r25, 0x01	; 1
     7cc:	0e 94 75 03 	call	0x6ea	; 0x6ea <LCD_Print_Full_Line>
	
	LED_YELLOW_ON();
     7d0:	82 b3       	in	r24, 0x12	; 18
     7d2:	80 62       	ori	r24, 0x20	; 32
     7d4:	82 bb       	out	0x12, r24	; 18
	#else
		//round up by default
		__ticks_dc = (uint32_t)(ceil(fabs(__tmp)));
	#endif

	__builtin_avr_delay_cycles(__ticks_dc);
     7d6:	2f eb       	ldi	r18, 0xBF	; 191
     7d8:	84 ed       	ldi	r24, 0xD4	; 212
     7da:	91 e0       	ldi	r25, 0x01	; 1
     7dc:	21 50       	subi	r18, 0x01	; 1
     7de:	80 40       	sbci	r24, 0x00	; 0
     7e0:	90 40       	sbci	r25, 0x00	; 0
     7e2:	e1 f7       	brne	.-8      	; 0x7dc <toggle_12hr_mode+0x3c>
     7e4:	00 c0       	rjmp	.+0      	; 0x7e6 <toggle_12hr_mode+0x46>
     7e6:	00 00       	nop
	_delay_ms(600);
	LED_YELLOW_OFF();
     7e8:	82 b3       	in	r24, 0x12	; 18
     7ea:	8f 7d       	andi	r24, 0xDF	; 223
     7ec:	82 bb       	out	0x12, r24	; 18
	LCD_Clear();
     7ee:	0e 94 cd 01 	call	0x39a	; 0x39a <LCD_Clear>
     7f2:	08 95       	ret

000007f4 <keycheck>:
}

char keycheck(void)
{
	// Row 1 scan
	KEYPAD_SET_ROW1();
     7f4:	85 b3       	in	r24, 0x15	; 21
     7f6:	80 7f       	andi	r24, 0xF0	; 240
     7f8:	8e 60       	ori	r24, 0x0E	; 14
     7fa:	85 bb       	out	0x15, r24	; 21
     7fc:	8d ee       	ldi	r24, 0xED	; 237
     7fe:	92 e0       	ldi	r25, 0x02	; 2
     800:	01 97       	sbiw	r24, 0x01	; 1
     802:	f1 f7       	brne	.-4      	; 0x800 <__DATA_REGION_LENGTH__>
     804:	00 c0       	rjmp	.+0      	; 0x806 <__DATA_REGION_LENGTH__+0x6>
     806:	00 00       	nop
	_delay_ms(3);
	if(KEYPAD_READ_COL1()) return '1';
     808:	9c 9b       	sbis	0x13, 4	; 19
     80a:	41 c0       	rjmp	.+130    	; 0x88e <__stack+0x2f>
	if(KEYPAD_READ_COL2()) return '2';
     80c:	9d 9b       	sbis	0x13, 5	; 19
     80e:	41 c0       	rjmp	.+130    	; 0x892 <__stack+0x33>
	if(KEYPAD_READ_COL3()) return '3';
     810:	9e 9b       	sbis	0x13, 6	; 19
     812:	41 c0       	rjmp	.+130    	; 0x896 <__stack+0x37>
	if(KEYPAD_READ_COL4()) return 'A';
     814:	9f 9b       	sbis	0x13, 7	; 19
     816:	41 c0       	rjmp	.+130    	; 0x89a <__stack+0x3b>

	// Row 2 scan
	KEYPAD_SET_ROW2();
     818:	85 b3       	in	r24, 0x15	; 21
     81a:	80 7f       	andi	r24, 0xF0	; 240
     81c:	8d 60       	ori	r24, 0x0D	; 13
     81e:	85 bb       	out	0x15, r24	; 21
     820:	8d ee       	ldi	r24, 0xED	; 237
     822:	92 e0       	ldi	r25, 0x02	; 2
     824:	01 97       	sbiw	r24, 0x01	; 1
     826:	f1 f7       	brne	.-4      	; 0x824 <__DATA_REGION_LENGTH__+0x24>
     828:	00 c0       	rjmp	.+0      	; 0x82a <__DATA_REGION_LENGTH__+0x2a>
     82a:	00 00       	nop
	_delay_ms(3);
	if(KEYPAD_READ_COL1()) return '4';
     82c:	9c 9b       	sbis	0x13, 4	; 19
     82e:	37 c0       	rjmp	.+110    	; 0x89e <__stack+0x3f>
	if(KEYPAD_READ_COL2()) return '5';
     830:	9d 9b       	sbis	0x13, 5	; 19
     832:	37 c0       	rjmp	.+110    	; 0x8a2 <__stack+0x43>
	if(KEYPAD_READ_COL3()) return '6';
     834:	9e 9b       	sbis	0x13, 6	; 19
     836:	37 c0       	rjmp	.+110    	; 0x8a6 <__stack+0x47>
	if(KEYPAD_READ_COL4()) return 'B';
     838:	9f 9b       	sbis	0x13, 7	; 19
     83a:	37 c0       	rjmp	.+110    	; 0x8aa <__stack+0x4b>

	// Row 3 scan
	KEYPAD_SET_ROW3();
     83c:	85 b3       	in	r24, 0x15	; 21
     83e:	80 7f       	andi	r24, 0xF0	; 240
     840:	8b 60       	ori	r24, 0x0B	; 11
     842:	85 bb       	out	0x15, r24	; 21
     844:	8d ee       	ldi	r24, 0xED	; 237
     846:	92 e0       	ldi	r25, 0x02	; 2
     848:	01 97       	sbiw	r24, 0x01	; 1
     84a:	f1 f7       	brne	.-4      	; 0x848 <__DATA_REGION_LENGTH__+0x48>
     84c:	00 c0       	rjmp	.+0      	; 0x84e <__DATA_REGION_LENGTH__+0x4e>
     84e:	00 00       	nop
	_delay_ms(3);
	if(KEYPAD_READ_COL1()) return '7';
     850:	9c 9b       	sbis	0x13, 4	; 19
     852:	2d c0       	rjmp	.+90     	; 0x8ae <__stack+0x4f>
	if(KEYPAD_READ_COL2()) return '8';
     854:	9d 9b       	sbis	0x13, 5	; 19
     856:	2d c0       	rjmp	.+90     	; 0x8b2 <__stack+0x53>
	if(KEYPAD_READ_COL3()) return '9';
     858:	9e 9b       	sbis	0x13, 6	; 19
     85a:	2d c0       	rjmp	.+90     	; 0x8b6 <__stack+0x57>
	if(KEYPAD_READ_COL4()) return 'C';
     85c:	9f 9b       	sbis	0x13, 7	; 19
     85e:	2d c0       	rjmp	.+90     	; 0x8ba <__stack+0x5b>

	// Row 4 scan
	KEYPAD_SET_ROW4();
     860:	85 b3       	in	r24, 0x15	; 21
     862:	80 7f       	andi	r24, 0xF0	; 240
     864:	87 60       	ori	r24, 0x07	; 7
     866:	85 bb       	out	0x15, r24	; 21
     868:	8d ee       	ldi	r24, 0xED	; 237
     86a:	92 e0       	ldi	r25, 0x02	; 2
     86c:	01 97       	sbiw	r24, 0x01	; 1
     86e:	f1 f7       	brne	.-4      	; 0x86c <__stack+0xd>
     870:	00 c0       	rjmp	.+0      	; 0x872 <__stack+0x13>
     872:	00 00       	nop
	_delay_ms(3);
	if(KEYPAD_READ_COL1()) return '*';
     874:	9c 9b       	sbis	0x13, 4	; 19
     876:	23 c0       	rjmp	.+70     	; 0x8be <__stack+0x5f>
	if(KEYPAD_READ_COL2()) return '0';
     878:	9d 9b       	sbis	0x13, 5	; 19
     87a:	23 c0       	rjmp	.+70     	; 0x8c2 <__stack+0x63>
	if(KEYPAD_READ_COL3()) return '#';
     87c:	9e 9b       	sbis	0x13, 6	; 19
     87e:	23 c0       	rjmp	.+70     	; 0x8c6 <__stack+0x67>
	if(KEYPAD_READ_COL4()) return 'D';
     880:	9f 9b       	sbis	0x13, 7	; 19
     882:	23 c0       	rjmp	.+70     	; 0x8ca <__stack+0x6b>

	// No key
	// set rows idle (all HIGH)
	KEYPAD_PORT |= KEYPAD_ROWS_MASK;
     884:	85 b3       	in	r24, 0x15	; 21
     886:	8f 60       	ori	r24, 0x0F	; 15
     888:	85 bb       	out	0x15, r24	; 21
	return 'a';
     88a:	81 e6       	ldi	r24, 0x61	; 97
     88c:	08 95       	ret
char keycheck(void)
{
	// Row 1 scan
	KEYPAD_SET_ROW1();
	_delay_ms(3);
	if(KEYPAD_READ_COL1()) return '1';
     88e:	81 e3       	ldi	r24, 0x31	; 49
     890:	08 95       	ret
	if(KEYPAD_READ_COL2()) return '2';
     892:	82 e3       	ldi	r24, 0x32	; 50
     894:	08 95       	ret
	if(KEYPAD_READ_COL3()) return '3';
     896:	83 e3       	ldi	r24, 0x33	; 51
     898:	08 95       	ret
	if(KEYPAD_READ_COL4()) return 'A';
     89a:	81 e4       	ldi	r24, 0x41	; 65
     89c:	08 95       	ret

	// Row 2 scan
	KEYPAD_SET_ROW2();
	_delay_ms(3);
	if(KEYPAD_READ_COL1()) return '4';
     89e:	84 e3       	ldi	r24, 0x34	; 52
     8a0:	08 95       	ret
	if(KEYPAD_READ_COL2()) return '5';
     8a2:	85 e3       	ldi	r24, 0x35	; 53
     8a4:	08 95       	ret
	if(KEYPAD_READ_COL3()) return '6';
     8a6:	86 e3       	ldi	r24, 0x36	; 54
     8a8:	08 95       	ret
	if(KEYPAD_READ_COL4()) return 'B';
     8aa:	82 e4       	ldi	r24, 0x42	; 66
     8ac:	08 95       	ret

	// Row 3 scan
	KEYPAD_SET_ROW3();
	_delay_ms(3);
	if(KEYPAD_READ_COL1()) return '7';
     8ae:	87 e3       	ldi	r24, 0x37	; 55
     8b0:	08 95       	ret
	if(KEYPAD_READ_COL2()) return '8';
     8b2:	88 e3       	ldi	r24, 0x38	; 56
     8b4:	08 95       	ret
	if(KEYPAD_READ_COL3()) return '9';
     8b6:	89 e3       	ldi	r24, 0x39	; 57
     8b8:	08 95       	ret
	if(KEYPAD_READ_COL4()) return 'C';
     8ba:	83 e4       	ldi	r24, 0x43	; 67
     8bc:	08 95       	ret

	// Row 4 scan
	KEYPAD_SET_ROW4();
	_delay_ms(3);
	if(KEYPAD_READ_COL1()) return '*';
     8be:	8a e2       	ldi	r24, 0x2A	; 42
     8c0:	08 95       	ret
	if(KEYPAD_READ_COL2()) return '0';
     8c2:	80 e3       	ldi	r24, 0x30	; 48
     8c4:	08 95       	ret
	if(KEYPAD_READ_COL3()) return '#';
     8c6:	83 e2       	ldi	r24, 0x23	; 35
     8c8:	08 95       	ret
	if(KEYPAD_READ_COL4()) return 'D';
     8ca:	84 e4       	ldi	r24, 0x44	; 68

	// No key
	// set rows idle (all HIGH)
	KEYPAD_PORT |= KEYPAD_ROWS_MASK;
	return 'a';
}
     8cc:	08 95       	ret

000008ce <scankey>:
}

// ---------- KEYPAD FUNCTIONS ----------
// scankey: waits for a stable key press and returns it
char scankey(void)
{
     8ce:	cf 93       	push	r28
	char k;
	while(1) {
		k = keycheck();
     8d0:	0e 94 fa 03 	call	0x7f4	; 0x7f4 <keycheck>
     8d4:	c8 2f       	mov	r28, r24
		if(k == 'a') {
     8d6:	81 36       	cpi	r24, 0x61	; 97
     8d8:	39 f4       	brne	.+14     	; 0x8e8 <scankey+0x1a>
     8da:	81 ee       	ldi	r24, 0xE1	; 225
     8dc:	94 e0       	ldi	r25, 0x04	; 4
     8de:	01 97       	sbiw	r24, 0x01	; 1
     8e0:	f1 f7       	brne	.-4      	; 0x8de <scankey+0x10>
     8e2:	00 c0       	rjmp	.+0      	; 0x8e4 <scankey+0x16>
     8e4:	00 00       	nop
			_delay_ms(5);
			continue;
     8e6:	f4 cf       	rjmp	.-24     	; 0x8d0 <scankey+0x2>
     8e8:	83 ec       	ldi	r24, 0xC3	; 195
     8ea:	99 e0       	ldi	r25, 0x09	; 9
     8ec:	01 97       	sbiw	r24, 0x01	; 1
     8ee:	f1 f7       	brne	.-4      	; 0x8ec <scankey+0x1e>
     8f0:	00 c0       	rjmp	.+0      	; 0x8f2 <scankey+0x24>
     8f2:	00 00       	nop
		}
		// confirm stable by short delay and re-sample
		_delay_ms(10);
		if(keycheck() == k) {
     8f4:	0e 94 fa 03 	call	0x7f4	; 0x7f4 <keycheck>
     8f8:	c8 13       	cpse	r28, r24
     8fa:	ea cf       	rjmp	.-44     	; 0x8d0 <scankey+0x2>
     8fc:	06 c0       	rjmp	.+12     	; 0x90a <scankey+0x3c>
     8fe:	81 ee       	ldi	r24, 0xE1	; 225
     900:	94 e0       	ldi	r25, 0x04	; 4
     902:	01 97       	sbiw	r24, 0x01	; 1
     904:	f1 f7       	brne	.-4      	; 0x902 <scankey+0x34>
     906:	00 c0       	rjmp	.+0      	; 0x908 <scankey+0x3a>
     908:	00 00       	nop
			// wait until release
			while(keycheck() == k) _delay_ms(5);
     90a:	0e 94 fa 03 	call	0x7f4	; 0x7f4 <keycheck>
     90e:	c8 17       	cp	r28, r24
     910:	b1 f3       	breq	.-20     	; 0x8fe <scankey+0x30>
     912:	83 ec       	ldi	r24, 0xC3	; 195
     914:	99 e0       	ldi	r25, 0x09	; 9
     916:	01 97       	sbiw	r24, 0x01	; 1
     918:	f1 f7       	brne	.-4      	; 0x916 <scankey+0x48>
     91a:	00 c0       	rjmp	.+0      	; 0x91c <scankey+0x4e>
     91c:	00 00       	nop
			_delay_ms(10);
			return k;
		}
	}
}
     91e:	8c 2f       	mov	r24, r28
     920:	cf 91       	pop	r28
     922:	08 95       	ret

00000924 <set_time_12hr>:
	LCD_String_xy(1, 0, line2);
}

// ---------- TIME SETTING (12HR with AM/PM) ----------
void set_time_12hr(void)
{
     924:	ff 92       	push	r15
     926:	0f 93       	push	r16
     928:	1f 93       	push	r17
     92a:	cf 93       	push	r28
     92c:	df 93       	push	r29
     92e:	cd b7       	in	r28, 0x3d	; 61
     930:	de b7       	in	r29, 0x3e	; 62
     932:	27 97       	sbiw	r28, 0x07	; 7
     934:	0f b6       	in	r0, 0x3f	; 63
     936:	f8 94       	cli
     938:	de bf       	out	0x3e, r29	; 62
     93a:	0f be       	out	0x3f, r0	; 63
     93c:	cd bf       	out	0x3d, r28	; 61
	cli(); // Disable interrupts while setting
     93e:	f8 94       	cli
	
	LCD_Clear();
     940:	0e 94 cd 01 	call	0x39a	; 0x39a <LCD_Clear>
	LCD_Print_Full_Line("SET TIME", 0);
     944:	60 e0       	ldi	r22, 0x00	; 0
     946:	88 e3       	ldi	r24, 0x38	; 56
     948:	91 e0       	ldi	r25, 0x01	; 1
     94a:	0e 94 75 03 	call	0x6ea	; 0x6ea <LCD_Print_Full_Line>
	
	if(mode_12hr)
     94e:	80 91 7a 00 	lds	r24, 0x007A	; 0x80007a <mode_12hr>
     952:	88 23       	and	r24, r24
     954:	31 f0       	breq	.+12     	; 0x962 <set_time_12hr+0x3e>
	LCD_Print_Full_Line("HH:MM:SS AM/PM", 1);
     956:	61 e0       	ldi	r22, 0x01	; 1
     958:	81 e4       	ldi	r24, 0x41	; 65
     95a:	91 e0       	ldi	r25, 0x01	; 1
     95c:	0e 94 75 03 	call	0x6ea	; 0x6ea <LCD_Print_Full_Line>
     960:	05 c0       	rjmp	.+10     	; 0x96c <set_time_12hr+0x48>
	else
	LCD_Print_Full_Line("HH:MM:SS", 1);
     962:	61 e0       	ldi	r22, 0x01	; 1
     964:	80 e5       	ldi	r24, 0x50	; 80
     966:	91 e0       	ldi	r25, 0x01	; 1
     968:	0e 94 75 03 	call	0x6ea	; 0x6ea <LCD_Print_Full_Line>
     96c:	2f ef       	ldi	r18, 0xFF	; 255
     96e:	80 e7       	ldi	r24, 0x70	; 112
     970:	92 e0       	ldi	r25, 0x02	; 2
     972:	21 50       	subi	r18, 0x01	; 1
     974:	80 40       	sbci	r24, 0x00	; 0
     976:	90 40       	sbci	r25, 0x00	; 0
     978:	e1 f7       	brne	.-8      	; 0x972 <set_time_12hr+0x4e>
     97a:	00 c0       	rjmp	.+0      	; 0x97c <set_time_12hr+0x58>
     97c:	00 00       	nop
	
	char input[7];
	uint8_t idx = 0;
	
	// Show template at row 1 starting col 2: "__:__:__"
	LCD_Clear();
     97e:	0e 94 cd 01 	call	0x39a	; 0x39a <LCD_Clear>
	LCD_Print_Full_Line("ENTER TIME:", 0);
     982:	60 e0       	ldi	r22, 0x00	; 0
     984:	89 e5       	ldi	r24, 0x59	; 89
     986:	91 e0       	ldi	r25, 0x01	; 1
     988:	0e 94 75 03 	call	0x6ea	; 0x6ea <LCD_Print_Full_Line>
	LCD_String_xy(1, 2, "__:__:__");
     98c:	45 e6       	ldi	r20, 0x65	; 101
     98e:	51 e0       	ldi	r21, 0x01	; 1
     990:	62 e0       	ldi	r22, 0x02	; 2
     992:	81 e0       	ldi	r24, 0x01	; 1
     994:	0e 94 ea 01 	call	0x3d4	; 0x3d4 <LCD_String_xy>
	LCD_Print_Full_Line("HH:MM:SS", 1);
	
	_delay_ms(800);
	
	char input[7];
	uint8_t idx = 0;
     998:	10 e0       	ldi	r17, 0x00	; 0
	LCD_Clear();
	LCD_Print_Full_Line("ENTER TIME:", 0);
	LCD_String_xy(1, 2, "__:__:__");
	
	const uint8_t base_col = 2; // starting column where first digit is shown
	while(idx < 6)
     99a:	33 c0       	rjmp	.+102    	; 0xa02 <set_time_12hr+0xde>
	{
		char key = scankey();
     99c:	0e 94 67 04 	call	0x8ce	; 0x8ce <scankey>
     9a0:	08 2f       	mov	r16, r24
		
		if(key >= '0' && key <= '9')
     9a2:	80 ed       	ldi	r24, 0xD0	; 208
     9a4:	80 0f       	add	r24, r16
     9a6:	8a 30       	cpi	r24, 0x0A	; 10
     9a8:	c0 f4       	brcc	.+48     	; 0x9da <set_time_12hr+0xb6>
		{
			// compute column for this digit accounting for ':' separators
			uint8_t sep_before = (idx >= 2 ? 1 : 0) + (idx >= 4 ? 1 : 0);
     9aa:	41 e0       	ldi	r20, 0x01	; 1
     9ac:	12 30       	cpi	r17, 0x02	; 2
     9ae:	08 f4       	brcc	.+2      	; 0x9b2 <set_time_12hr+0x8e>
     9b0:	40 e0       	ldi	r20, 0x00	; 0
     9b2:	81 e0       	ldi	r24, 0x01	; 1
     9b4:	14 30       	cpi	r17, 0x04	; 4
     9b6:	08 f4       	brcc	.+2      	; 0x9ba <set_time_12hr+0x96>
     9b8:	80 e0       	ldi	r24, 0x00	; 0
     9ba:	48 0f       	add	r20, r24
			uint8_t pos = base_col + idx + sep_before; // 0-based column
     9bc:	41 0f       	add	r20, r17
     9be:	4e 5f       	subi	r20, 0xFE	; 254
			// write digit at row 1 pos
			LCD_PutCharAt(key, 1, pos);
     9c0:	61 e0       	ldi	r22, 0x01	; 1
     9c2:	80 2f       	mov	r24, r16
     9c4:	0e 94 5b 03 	call	0x6b6	; 0x6b6 <LCD_PutCharAt>
			input[idx++] = key;
     9c8:	e1 e0       	ldi	r30, 0x01	; 1
     9ca:	f0 e0       	ldi	r31, 0x00	; 0
     9cc:	ec 0f       	add	r30, r28
     9ce:	fd 1f       	adc	r31, r29
     9d0:	e1 0f       	add	r30, r17
     9d2:	f1 1d       	adc	r31, r1
     9d4:	00 83       	st	Z, r16
     9d6:	1f 5f       	subi	r17, 0xFF	; 255
     9d8:	14 c0       	rjmp	.+40     	; 0xa02 <set_time_12hr+0xde>
		}
		else if(key == '*' && idx > 0)
     9da:	0a 32       	cpi	r16, 0x2A	; 42
     9dc:	91 f4       	brne	.+36     	; 0xa02 <set_time_12hr+0xde>
     9de:	11 23       	and	r17, r17
     9e0:	81 f0       	breq	.+32     	; 0xa02 <set_time_12hr+0xde>
		{
			// backspace: remove last entered digit, keep separators
			idx--;
     9e2:	11 50       	subi	r17, 0x01	; 1
			uint8_t sep_before = (idx >= 2 ? 1 : 0) + (idx >= 4 ? 1 : 0);
     9e4:	41 e0       	ldi	r20, 0x01	; 1
     9e6:	12 30       	cpi	r17, 0x02	; 2
     9e8:	08 f4       	brcc	.+2      	; 0x9ec <set_time_12hr+0xc8>
     9ea:	40 e0       	ldi	r20, 0x00	; 0
     9ec:	81 e0       	ldi	r24, 0x01	; 1
     9ee:	14 30       	cpi	r17, 0x04	; 4
     9f0:	08 f4       	brcc	.+2      	; 0x9f4 <set_time_12hr+0xd0>
     9f2:	80 e0       	ldi	r24, 0x00	; 0
     9f4:	48 0f       	add	r20, r24
			uint8_t pos = base_col + idx + sep_before;
     9f6:	41 0f       	add	r20, r17
     9f8:	4e 5f       	subi	r20, 0xFE	; 254
			
			// overwrite with underscore to show empty
			LCD_PutCharAt('_', 1, pos);
     9fa:	61 e0       	ldi	r22, 0x01	; 1
     9fc:	8f e5       	ldi	r24, 0x5F	; 95
     9fe:	0e 94 5b 03 	call	0x6b6	; 0x6b6 <LCD_PutCharAt>
	LCD_Clear();
	LCD_Print_Full_Line("ENTER TIME:", 0);
	LCD_String_xy(1, 2, "__:__:__");
	
	const uint8_t base_col = 2; // starting column where first digit is shown
	while(idx < 6)
     a02:	16 30       	cpi	r17, 0x06	; 6
     a04:	58 f2       	brcs	.-106    	; 0x99c <set_time_12hr+0x78>
	}
	
	input[6] = '\0';
	
	// Parse input
	uint8_t input_hour = (input[0]-'0')*10 + (input[1]-'0');
     a06:	89 81       	ldd	r24, Y+1	; 0x01
     a08:	90 e0       	ldi	r25, 0x00	; 0
     a0a:	c0 97       	sbiw	r24, 0x30	; 48
     a0c:	9a 81       	ldd	r25, Y+2	; 0x02
     a0e:	88 0f       	add	r24, r24
     a10:	08 2f       	mov	r16, r24
     a12:	00 0f       	add	r16, r16
     a14:	00 0f       	add	r16, r16
     a16:	80 0f       	add	r24, r16
     a18:	08 2f       	mov	r16, r24
     a1a:	09 0f       	add	r16, r25
     a1c:	0f 2e       	mov	r0, r31
     a1e:	f0 ed       	ldi	r31, 0xD0	; 208
     a20:	ff 2e       	mov	r15, r31
     a22:	f0 2d       	mov	r31, r0
     a24:	f0 0e       	add	r15, r16
	minutes = (input[2]-'0')*10 + (input[3]-'0');
     a26:	8b 81       	ldd	r24, Y+3	; 0x03
     a28:	90 e0       	ldi	r25, 0x00	; 0
     a2a:	c0 97       	sbiw	r24, 0x30	; 48
     a2c:	9c 81       	ldd	r25, Y+4	; 0x04
     a2e:	88 0f       	add	r24, r24
     a30:	28 2f       	mov	r18, r24
     a32:	22 0f       	add	r18, r18
     a34:	22 0f       	add	r18, r18
     a36:	82 0f       	add	r24, r18
     a38:	89 0f       	add	r24, r25
     a3a:	80 53       	subi	r24, 0x30	; 48
     a3c:	80 93 0c 03 	sts	0x030C, r24	; 0x80030c <minutes>
	seconds = (input[4]-'0')*10 + (input[5]-'0');
     a40:	8d 81       	ldd	r24, Y+5	; 0x05
     a42:	90 e0       	ldi	r25, 0x00	; 0
     a44:	c0 97       	sbiw	r24, 0x30	; 48
     a46:	9e 81       	ldd	r25, Y+6	; 0x06
     a48:	88 0f       	add	r24, r24
     a4a:	28 2f       	mov	r18, r24
     a4c:	22 0f       	add	r18, r18
     a4e:	22 0f       	add	r18, r18
     a50:	82 0f       	add	r24, r18
     a52:	89 0f       	add	r24, r25
     a54:	80 53       	subi	r24, 0x30	; 48
     a56:	80 93 0b 03 	sts	0x030B, r24	; 0x80030b <seconds>
	
	// If 12-hour mode, ask for AM/PM
	if(mode_12hr)
     a5a:	80 91 7a 00 	lds	r24, 0x007A	; 0x80007a <mode_12hr>
     a5e:	88 23       	and	r24, r24
     a60:	41 f1       	breq	.+80     	; 0xab2 <set_time_12hr+0x18e>
	{
		LCD_Clear();
     a62:	0e 94 cd 01 	call	0x39a	; 0x39a <LCD_Clear>
		LCD_Print_Full_Line("SELECT:", 0);
     a66:	60 e0       	ldi	r22, 0x00	; 0
     a68:	8e e6       	ldi	r24, 0x6E	; 110
     a6a:	91 e0       	ldi	r25, 0x01	; 1
     a6c:	0e 94 75 03 	call	0x6ea	; 0x6ea <LCD_Print_Full_Line>
		LCD_Print_Full_Line("A=AM    B=PM", 1);
     a70:	61 e0       	ldi	r22, 0x01	; 1
     a72:	86 e7       	ldi	r24, 0x76	; 118
     a74:	91 e0       	ldi	r25, 0x01	; 1
     a76:	0e 94 75 03 	call	0x6ea	; 0x6ea <LCD_Print_Full_Line>
		
		char ampm_key;
		do {
			ampm_key = scankey();
     a7a:	0e 94 67 04 	call	0x8ce	; 0x8ce <scankey>
     a7e:	18 2f       	mov	r17, r24
		} while(ampm_key != 'A' && ampm_key != 'B');
     a80:	9f eb       	ldi	r25, 0xBF	; 191
     a82:	98 0f       	add	r25, r24
     a84:	92 30       	cpi	r25, 0x02	; 2
     a86:	c8 f7       	brcc	.-14     	; 0xa7a <set_time_12hr+0x156>
		
		buzzer_beep();
     a88:	0e 94 5a 01 	call	0x2b4	; 0x2b4 <buzzer_beep>
		
		// Convert to 24-hour format
		if(input_hour == 12)
     a8c:	2c e0       	ldi	r18, 0x0C	; 12
     a8e:	f2 12       	cpse	r15, r18
     a90:	08 c0       	rjmp	.+16     	; 0xaa2 <set_time_12hr+0x17e>
		{
			hours = (ampm_key == 'A') ? 0 : 12;
     a92:	11 34       	cpi	r17, 0x41	; 65
     a94:	11 f4       	brne	.+4      	; 0xa9a <set_time_12hr+0x176>
     a96:	80 e0       	ldi	r24, 0x00	; 0
     a98:	01 c0       	rjmp	.+2      	; 0xa9c <set_time_12hr+0x178>
     a9a:	8c e0       	ldi	r24, 0x0C	; 12
     a9c:	80 93 0d 03 	sts	0x030D, r24	; 0x80030d <hours>
     aa0:	0a c0       	rjmp	.+20     	; 0xab6 <set_time_12hr+0x192>
		}
		else
		{
			hours = (ampm_key == 'A') ? input_hour : (input_hour + 12);
     aa2:	11 34       	cpi	r17, 0x41	; 65
     aa4:	11 f0       	breq	.+4      	; 0xaaa <set_time_12hr+0x186>
     aa6:	04 52       	subi	r16, 0x24	; 36
     aa8:	01 c0       	rjmp	.+2      	; 0xaac <set_time_12hr+0x188>
     aaa:	0f 2d       	mov	r16, r15
     aac:	00 93 0d 03 	sts	0x030D, r16	; 0x80030d <hours>
     ab0:	02 c0       	rjmp	.+4      	; 0xab6 <set_time_12hr+0x192>
		}
	}
	else
	{
		hours = input_hour;
     ab2:	f0 92 0d 03 	sts	0x030D, r15	; 0x80030d <hours>
	}
	
	milliseconds = 0;
     ab6:	10 92 0a 03 	sts	0x030A, r1	; 0x80030a <milliseconds+0x1>
     aba:	10 92 09 03 	sts	0x0309, r1	; 0x800309 <milliseconds>
	
	if(hours > 23) hours = 23;
     abe:	80 91 0d 03 	lds	r24, 0x030D	; 0x80030d <hours>
     ac2:	88 31       	cpi	r24, 0x18	; 24
     ac4:	18 f0       	brcs	.+6      	; 0xacc <set_time_12hr+0x1a8>
     ac6:	87 e1       	ldi	r24, 0x17	; 23
     ac8:	80 93 0d 03 	sts	0x030D, r24	; 0x80030d <hours>
	if(minutes > 59) minutes = 59;
     acc:	80 91 0c 03 	lds	r24, 0x030C	; 0x80030c <minutes>
     ad0:	8c 33       	cpi	r24, 0x3C	; 60
     ad2:	18 f0       	brcs	.+6      	; 0xada <set_time_12hr+0x1b6>
     ad4:	8b e3       	ldi	r24, 0x3B	; 59
     ad6:	80 93 0c 03 	sts	0x030C, r24	; 0x80030c <minutes>
	if(seconds > 59) seconds = 59;
     ada:	80 91 0b 03 	lds	r24, 0x030B	; 0x80030b <seconds>
     ade:	8c 33       	cpi	r24, 0x3C	; 60
     ae0:	18 f0       	brcs	.+6      	; 0xae8 <set_time_12hr+0x1c4>
     ae2:	8b e3       	ldi	r24, 0x3B	; 59
     ae4:	80 93 0b 03 	sts	0x030B, r24	; 0x80030b <seconds>
	
	LCD_Clear();
     ae8:	0e 94 cd 01 	call	0x39a	; 0x39a <LCD_Clear>
	LCD_Print_Full_Line("TIME SET!", 0);
     aec:	60 e0       	ldi	r22, 0x00	; 0
     aee:	83 e8       	ldi	r24, 0x83	; 131
     af0:	91 e0       	ldi	r25, 0x01	; 1
     af2:	0e 94 75 03 	call	0x6ea	; 0x6ea <LCD_Print_Full_Line>
	LED_GREEN_ON();
     af6:	82 b3       	in	r24, 0x12	; 18
     af8:	88 60       	ori	r24, 0x08	; 8
     afa:	82 bb       	out	0x12, r24	; 18
	LED_YELLOW_ON();
     afc:	82 b3       	in	r24, 0x12	; 18
     afe:	80 62       	ori	r24, 0x20	; 32
     b00:	82 bb       	out	0x12, r24	; 18
     b02:	8f ef       	ldi	r24, 0xFF	; 255
     b04:	90 e7       	ldi	r25, 0x70	; 112
     b06:	22 e0       	ldi	r18, 0x02	; 2
     b08:	81 50       	subi	r24, 0x01	; 1
     b0a:	90 40       	sbci	r25, 0x00	; 0
     b0c:	20 40       	sbci	r18, 0x00	; 0
     b0e:	e1 f7       	brne	.-8      	; 0xb08 <set_time_12hr+0x1e4>
     b10:	00 c0       	rjmp	.+0      	; 0xb12 <set_time_12hr+0x1ee>
     b12:	00 00       	nop
	_delay_ms(800);
	ALL_LEDS_OFF();
     b14:	82 b3       	in	r24, 0x12	; 18
     b16:	87 7c       	andi	r24, 0xC7	; 199
     b18:	82 bb       	out	0x12, r24	; 18
	LCD_Clear();
     b1a:	0e 94 cd 01 	call	0x39a	; 0x39a <LCD_Clear>
	sei(); // Re-enable interrupts
     b1e:	78 94       	sei
}
     b20:	27 96       	adiw	r28, 0x07	; 7
     b22:	0f b6       	in	r0, 0x3f	; 63
     b24:	f8 94       	cli
     b26:	de bf       	out	0x3e, r29	; 62
     b28:	0f be       	out	0x3f, r0	; 63
     b2a:	cd bf       	out	0x3d, r28	; 61
     b2c:	df 91       	pop	r29
     b2e:	cf 91       	pop	r28
     b30:	1f 91       	pop	r17
     b32:	0f 91       	pop	r16
     b34:	ff 90       	pop	r15
     b36:	08 95       	ret

00000b38 <set_date>:

// ---------- DATE SETTING ----------
void set_date(void)
{
     b38:	ef 92       	push	r14
     b3a:	ff 92       	push	r15
     b3c:	0f 93       	push	r16
     b3e:	1f 93       	push	r17
     b40:	cf 93       	push	r28
     b42:	df 93       	push	r29
     b44:	cd b7       	in	r28, 0x3d	; 61
     b46:	de b7       	in	r29, 0x3e	; 62
     b48:	29 97       	sbiw	r28, 0x09	; 9
     b4a:	0f b6       	in	r0, 0x3f	; 63
     b4c:	f8 94       	cli
     b4e:	de bf       	out	0x3e, r29	; 62
     b50:	0f be       	out	0x3f, r0	; 63
     b52:	cd bf       	out	0x3d, r28	; 61
	LCD_Clear();
     b54:	0e 94 cd 01 	call	0x39a	; 0x39a <LCD_Clear>
	LCD_Print_Full_Line("SET DATE", 0);
     b58:	60 e0       	ldi	r22, 0x00	; 0
     b5a:	8d e8       	ldi	r24, 0x8D	; 141
     b5c:	91 e0       	ldi	r25, 0x01	; 1
     b5e:	0e 94 75 03 	call	0x6ea	; 0x6ea <LCD_Print_Full_Line>
	LCD_Print_Full_Line("DD-MM-YYYY", 1);
     b62:	61 e0       	ldi	r22, 0x01	; 1
     b64:	86 e9       	ldi	r24, 0x96	; 150
     b66:	91 e0       	ldi	r25, 0x01	; 1
     b68:	0e 94 75 03 	call	0x6ea	; 0x6ea <LCD_Print_Full_Line>
     b6c:	2f ef       	ldi	r18, 0xFF	; 255
     b6e:	80 e7       	ldi	r24, 0x70	; 112
     b70:	92 e0       	ldi	r25, 0x02	; 2
     b72:	21 50       	subi	r18, 0x01	; 1
     b74:	80 40       	sbci	r24, 0x00	; 0
     b76:	90 40       	sbci	r25, 0x00	; 0
     b78:	e1 f7       	brne	.-8      	; 0xb72 <set_date+0x3a>
     b7a:	00 c0       	rjmp	.+0      	; 0xb7c <set_date+0x44>
     b7c:	00 00       	nop
	
	char input[9];
	uint8_t idx = 0;
	
	// Show template at row 1 starting col 1: "__-__-____"
	LCD_Clear();
     b7e:	0e 94 cd 01 	call	0x39a	; 0x39a <LCD_Clear>
	LCD_Print_Full_Line("ENTER DATE:", 0);
     b82:	60 e0       	ldi	r22, 0x00	; 0
     b84:	81 ea       	ldi	r24, 0xA1	; 161
     b86:	91 e0       	ldi	r25, 0x01	; 1
     b88:	0e 94 75 03 	call	0x6ea	; 0x6ea <LCD_Print_Full_Line>
	LCD_String_xy(1, 1, "__-__-____");
     b8c:	4d ea       	ldi	r20, 0xAD	; 173
     b8e:	51 e0       	ldi	r21, 0x01	; 1
     b90:	61 e0       	ldi	r22, 0x01	; 1
     b92:	81 e0       	ldi	r24, 0x01	; 1
     b94:	0e 94 ea 01 	call	0x3d4	; 0x3d4 <LCD_String_xy>
	LCD_Print_Full_Line("SET DATE", 0);
	LCD_Print_Full_Line("DD-MM-YYYY", 1);
	_delay_ms(800);
	
	char input[9];
	uint8_t idx = 0;
     b98:	10 e0       	ldi	r17, 0x00	; 0
	LCD_Clear();
	LCD_Print_Full_Line("ENTER DATE:", 0);
	LCD_String_xy(1, 1, "__-__-____");
	
	const uint8_t base_col = 1; // starting column where first digit is shown
	while(idx < 8)
     b9a:	33 c0       	rjmp	.+102    	; 0xc02 <set_date+0xca>
	{
		char key = scankey();
     b9c:	0e 94 67 04 	call	0x8ce	; 0x8ce <scankey>
     ba0:	08 2f       	mov	r16, r24
		
		if(key >= '0' && key <= '9')
     ba2:	80 ed       	ldi	r24, 0xD0	; 208
     ba4:	80 0f       	add	r24, r16
     ba6:	8a 30       	cpi	r24, 0x0A	; 10
     ba8:	c0 f4       	brcc	.+48     	; 0xbda <set_date+0xa2>
		{
			// compute column for this digit accounting for '-' separators
			uint8_t sep_before = (idx >= 2 ? 1 : 0) + (idx >= 4 ? 1 : 0);
     baa:	41 e0       	ldi	r20, 0x01	; 1
     bac:	12 30       	cpi	r17, 0x02	; 2
     bae:	08 f4       	brcc	.+2      	; 0xbb2 <set_date+0x7a>
     bb0:	40 e0       	ldi	r20, 0x00	; 0
     bb2:	81 e0       	ldi	r24, 0x01	; 1
     bb4:	14 30       	cpi	r17, 0x04	; 4
     bb6:	08 f4       	brcc	.+2      	; 0xbba <set_date+0x82>
     bb8:	80 e0       	ldi	r24, 0x00	; 0
     bba:	48 0f       	add	r20, r24
			uint8_t pos = base_col + idx + sep_before;
     bbc:	41 0f       	add	r20, r17
     bbe:	4f 5f       	subi	r20, 0xFF	; 255
			
			// write digit at row 1 pos
			LCD_PutCharAt(key, 1, pos);
     bc0:	61 e0       	ldi	r22, 0x01	; 1
     bc2:	80 2f       	mov	r24, r16
     bc4:	0e 94 5b 03 	call	0x6b6	; 0x6b6 <LCD_PutCharAt>
			
			input[idx++] = key;
     bc8:	e1 e0       	ldi	r30, 0x01	; 1
     bca:	f0 e0       	ldi	r31, 0x00	; 0
     bcc:	ec 0f       	add	r30, r28
     bce:	fd 1f       	adc	r31, r29
     bd0:	e1 0f       	add	r30, r17
     bd2:	f1 1d       	adc	r31, r1
     bd4:	00 83       	st	Z, r16
     bd6:	1f 5f       	subi	r17, 0xFF	; 255
     bd8:	14 c0       	rjmp	.+40     	; 0xc02 <set_date+0xca>
		}
		else if(key == '*' && idx > 0)
     bda:	0a 32       	cpi	r16, 0x2A	; 42
     bdc:	91 f4       	brne	.+36     	; 0xc02 <set_date+0xca>
     bde:	11 23       	and	r17, r17
     be0:	81 f0       	breq	.+32     	; 0xc02 <set_date+0xca>
		{
			// backspace: remove last entered digit, keep separators
			idx--;
     be2:	11 50       	subi	r17, 0x01	; 1
			uint8_t sep_before = (idx >= 2 ? 1 : 0) + (idx >= 4 ? 1 : 0);
     be4:	41 e0       	ldi	r20, 0x01	; 1
     be6:	12 30       	cpi	r17, 0x02	; 2
     be8:	08 f4       	brcc	.+2      	; 0xbec <set_date+0xb4>
     bea:	40 e0       	ldi	r20, 0x00	; 0
     bec:	81 e0       	ldi	r24, 0x01	; 1
     bee:	14 30       	cpi	r17, 0x04	; 4
     bf0:	08 f4       	brcc	.+2      	; 0xbf4 <set_date+0xbc>
     bf2:	80 e0       	ldi	r24, 0x00	; 0
     bf4:	48 0f       	add	r20, r24
			uint8_t pos = base_col + idx + sep_before;
     bf6:	41 0f       	add	r20, r17
     bf8:	4f 5f       	subi	r20, 0xFF	; 255
			
			LCD_PutCharAt('_', 1, pos);
     bfa:	61 e0       	ldi	r22, 0x01	; 1
     bfc:	8f e5       	ldi	r24, 0x5F	; 95
     bfe:	0e 94 5b 03 	call	0x6b6	; 0x6b6 <LCD_PutCharAt>
	LCD_Clear();
	LCD_Print_Full_Line("ENTER DATE:", 0);
	LCD_String_xy(1, 1, "__-__-____");
	
	const uint8_t base_col = 1; // starting column where first digit is shown
	while(idx < 8)
     c02:	18 30       	cpi	r17, 0x08	; 8
     c04:	58 f2       	brcs	.-106    	; 0xb9c <set_date+0x64>
	}
	
	input[8] = '\0';
	
	// Parse input
	uint8_t new_day = (input[0]-'0')*10 + (input[1]-'0');
     c06:	89 81       	ldd	r24, Y+1	; 0x01
     c08:	90 e0       	ldi	r25, 0x00	; 0
     c0a:	c0 97       	sbiw	r24, 0x30	; 48
     c0c:	9a 81       	ldd	r25, Y+2	; 0x02
     c0e:	88 0f       	add	r24, r24
     c10:	18 2f       	mov	r17, r24
     c12:	11 0f       	add	r17, r17
     c14:	11 0f       	add	r17, r17
     c16:	81 0f       	add	r24, r17
     c18:	18 2f       	mov	r17, r24
     c1a:	19 0f       	add	r17, r25
     c1c:	10 53       	subi	r17, 0x30	; 48
	uint8_t new_month = (input[2]-'0')*10 + (input[3]-'0');
     c1e:	8b 81       	ldd	r24, Y+3	; 0x03
     c20:	90 e0       	ldi	r25, 0x00	; 0
     c22:	c0 97       	sbiw	r24, 0x30	; 48
     c24:	9c 81       	ldd	r25, Y+4	; 0x04
     c26:	88 0f       	add	r24, r24
     c28:	48 2f       	mov	r20, r24
     c2a:	44 0f       	add	r20, r20
     c2c:	44 0f       	add	r20, r20
     c2e:	84 0f       	add	r24, r20
     c30:	48 2f       	mov	r20, r24
     c32:	49 0f       	add	r20, r25
     c34:	00 ed       	ldi	r16, 0xD0	; 208
     c36:	04 0f       	add	r16, r20
	uint16_t new_year = (input[4]-'0')*1000 + (input[5]-'0')*100 +
     c38:	2d 81       	ldd	r18, Y+5	; 0x05
     c3a:	30 e0       	ldi	r19, 0x00	; 0
     c3c:	20 53       	subi	r18, 0x30	; 48
     c3e:	31 09       	sbc	r19, r1
     c40:	88 ee       	ldi	r24, 0xE8	; 232
     c42:	93 e0       	ldi	r25, 0x03	; 3
     c44:	28 9f       	mul	r18, r24
     c46:	b0 01       	movw	r22, r0
     c48:	29 9f       	mul	r18, r25
     c4a:	70 0d       	add	r23, r0
     c4c:	38 9f       	mul	r19, r24
     c4e:	70 0d       	add	r23, r0
     c50:	11 24       	eor	r1, r1
     c52:	2e 81       	ldd	r18, Y+6	; 0x06
     c54:	30 e0       	ldi	r19, 0x00	; 0
     c56:	20 53       	subi	r18, 0x30	; 48
     c58:	31 09       	sbc	r19, r1
     c5a:	54 e6       	ldi	r21, 0x64	; 100
     c5c:	52 9f       	mul	r21, r18
     c5e:	c0 01       	movw	r24, r0
     c60:	53 9f       	mul	r21, r19
     c62:	90 0d       	add	r25, r0
     c64:	11 24       	eor	r1, r1
     c66:	68 0f       	add	r22, r24
     c68:	79 1f       	adc	r23, r25
	(input[6]-'0')*10 + (input[7]-'0');
     c6a:	2f 81       	ldd	r18, Y+7	; 0x07
     c6c:	30 e0       	ldi	r19, 0x00	; 0
     c6e:	c9 01       	movw	r24, r18
     c70:	c0 97       	sbiw	r24, 0x30	; 48
     c72:	fc 01       	movw	r30, r24
     c74:	ee 0f       	add	r30, r30
     c76:	ff 1f       	adc	r31, r31
     c78:	9c 01       	movw	r18, r24
     c7a:	22 0f       	add	r18, r18
     c7c:	33 1f       	adc	r19, r19
     c7e:	22 0f       	add	r18, r18
     c80:	33 1f       	adc	r19, r19
     c82:	22 0f       	add	r18, r18
     c84:	33 1f       	adc	r19, r19
     c86:	cf 01       	movw	r24, r30
     c88:	82 0f       	add	r24, r18
     c8a:	93 1f       	adc	r25, r19
	input[8] = '\0';
	
	// Parse input
	uint8_t new_day = (input[0]-'0')*10 + (input[1]-'0');
	uint8_t new_month = (input[2]-'0')*10 + (input[3]-'0');
	uint16_t new_year = (input[4]-'0')*1000 + (input[5]-'0')*100 +
     c8c:	86 0f       	add	r24, r22
     c8e:	97 1f       	adc	r25, r23
	(input[6]-'0')*10 + (input[7]-'0');
     c90:	e8 84       	ldd	r14, Y+8	; 0x08
     c92:	f1 2c       	mov	r15, r1
     c94:	20 e3       	ldi	r18, 0x30	; 48
     c96:	e2 1a       	sub	r14, r18
     c98:	f1 08       	sbc	r15, r1
     c9a:	e8 0e       	add	r14, r24
     c9c:	f9 1e       	adc	r15, r25
	
	// Validate date
	if(new_month >= 1 && new_month <= 12)
     c9e:	41 53       	subi	r20, 0x31	; 49
     ca0:	4c 30       	cpi	r20, 0x0C	; 12
     ca2:	08 f0       	brcs	.+2      	; 0xca6 <set_date+0x16e>
     ca4:	58 c0       	rjmp	.+176    	; 0xd56 <set_date+0x21e>
	{
		uint8_t max_days = days_in_month(new_month, new_year);
     ca6:	b7 01       	movw	r22, r14
     ca8:	80 2f       	mov	r24, r16
     caa:	0e 94 8e 00 	call	0x11c	; 0x11c <days_in_month>
		if(new_day >= 1 && new_day <= max_days && new_year >= 2000 && new_year <= 2099)
     cae:	11 23       	and	r17, r17
     cb0:	09 f4       	brne	.+2      	; 0xcb4 <set_date+0x17c>
     cb2:	40 c0       	rjmp	.+128    	; 0xd34 <set_date+0x1fc>
     cb4:	81 17       	cp	r24, r17
     cb6:	f0 f1       	brcs	.+124    	; 0xd34 <set_date+0x1fc>
     cb8:	80 ed       	ldi	r24, 0xD0	; 208
     cba:	e8 16       	cp	r14, r24
     cbc:	87 e0       	ldi	r24, 0x07	; 7
     cbe:	f8 06       	cpc	r15, r24
     cc0:	c8 f1       	brcs	.+114    	; 0xd34 <set_date+0x1fc>
     cc2:	94 e3       	ldi	r25, 0x34	; 52
     cc4:	e9 16       	cp	r14, r25
     cc6:	98 e0       	ldi	r25, 0x08	; 8
     cc8:	f9 06       	cpc	r15, r25
     cca:	a0 f5       	brcc	.+104    	; 0xd34 <set_date+0x1fc>
		{
			day = new_day;
     ccc:	10 93 08 03 	sts	0x0308, r17	; 0x800308 <day>
			month = new_month;
     cd0:	00 93 07 03 	sts	0x0307, r16	; 0x800307 <month>
			year = new_year;
     cd4:	f0 92 06 03 	sts	0x0306, r15	; 0x800306 <year+0x1>
     cd8:	e0 92 05 03 	sts	0x0305, r14	; 0x800305 <year>
			
			LCD_Clear();
     cdc:	0e 94 cd 01 	call	0x39a	; 0x39a <LCD_Clear>
			
			if(is_leap_year(year) && month == 2)
     ce0:	80 91 05 03 	lds	r24, 0x0305	; 0x800305 <year>
     ce4:	90 91 06 03 	lds	r25, 0x0306	; 0x800306 <year+0x1>
     ce8:	0e 94 51 00 	call	0xa2	; 0xa2 <is_leap_year>
     cec:	88 23       	and	r24, r24
     cee:	51 f0       	breq	.+20     	; 0xd04 <set_date+0x1cc>
     cf0:	80 91 07 03 	lds	r24, 0x0307	; 0x800307 <month>
     cf4:	82 30       	cpi	r24, 0x02	; 2
     cf6:	31 f4       	brne	.+12     	; 0xd04 <set_date+0x1cc>
			LCD_Print_Full_Line("LEAP YEAR!", 0);
     cf8:	60 e0       	ldi	r22, 0x00	; 0
     cfa:	88 eb       	ldi	r24, 0xB8	; 184
     cfc:	91 e0       	ldi	r25, 0x01	; 1
     cfe:	0e 94 75 03 	call	0x6ea	; 0x6ea <LCD_Print_Full_Line>
     d02:	05 c0       	rjmp	.+10     	; 0xd0e <set_date+0x1d6>
			else
			LCD_Print_Full_Line("DATE SET!", 0);
     d04:	60 e0       	ldi	r22, 0x00	; 0
     d06:	83 ec       	ldi	r24, 0xC3	; 195
     d08:	91 e0       	ldi	r25, 0x01	; 1
     d0a:	0e 94 75 03 	call	0x6ea	; 0x6ea <LCD_Print_Full_Line>
			
			LED_RED_ON();
     d0e:	82 b3       	in	r24, 0x12	; 18
     d10:	80 61       	ori	r24, 0x10	; 16
     d12:	82 bb       	out	0x12, r24	; 18
			LED_YELLOW_ON();
     d14:	82 b3       	in	r24, 0x12	; 18
     d16:	80 62       	ori	r24, 0x20	; 32
     d18:	82 bb       	out	0x12, r24	; 18
     d1a:	2f ef       	ldi	r18, 0xFF	; 255
     d1c:	80 e7       	ldi	r24, 0x70	; 112
     d1e:	92 e0       	ldi	r25, 0x02	; 2
     d20:	21 50       	subi	r18, 0x01	; 1
     d22:	80 40       	sbci	r24, 0x00	; 0
     d24:	90 40       	sbci	r25, 0x00	; 0
     d26:	e1 f7       	brne	.-8      	; 0xd20 <set_date+0x1e8>
     d28:	00 c0       	rjmp	.+0      	; 0xd2a <set_date+0x1f2>
     d2a:	00 00       	nop
			_delay_ms(800);
			ALL_LEDS_OFF();
     d2c:	82 b3       	in	r24, 0x12	; 18
     d2e:	87 7c       	andi	r24, 0xC7	; 199
     d30:	82 bb       	out	0x12, r24	; 18
     d32:	21 c0       	rjmp	.+66     	; 0xd76 <set_date+0x23e>
		}
		else
		{
			LCD_Clear();
     d34:	0e 94 cd 01 	call	0x39a	; 0x39a <LCD_Clear>
			LCD_Print_Full_Line("INVALID DATE!", 0);
     d38:	60 e0       	ldi	r22, 0x00	; 0
     d3a:	8d ec       	ldi	r24, 0xCD	; 205
     d3c:	91 e0       	ldi	r25, 0x01	; 1
     d3e:	0e 94 75 03 	call	0x6ea	; 0x6ea <LCD_Print_Full_Line>
     d42:	2f ef       	ldi	r18, 0xFF	; 255
     d44:	80 e7       	ldi	r24, 0x70	; 112
     d46:	92 e0       	ldi	r25, 0x02	; 2
     d48:	21 50       	subi	r18, 0x01	; 1
     d4a:	80 40       	sbci	r24, 0x00	; 0
     d4c:	90 40       	sbci	r25, 0x00	; 0
     d4e:	e1 f7       	brne	.-8      	; 0xd48 <set_date+0x210>
     d50:	00 c0       	rjmp	.+0      	; 0xd52 <set_date+0x21a>
     d52:	00 00       	nop
     d54:	10 c0       	rjmp	.+32     	; 0xd76 <set_date+0x23e>
			_delay_ms(800);
		}
	}
	else
	{
		LCD_Clear();
     d56:	0e 94 cd 01 	call	0x39a	; 0x39a <LCD_Clear>
		LCD_Print_Full_Line("INVALID MONTH!", 0);
     d5a:	60 e0       	ldi	r22, 0x00	; 0
     d5c:	8b ed       	ldi	r24, 0xDB	; 219
     d5e:	91 e0       	ldi	r25, 0x01	; 1
     d60:	0e 94 75 03 	call	0x6ea	; 0x6ea <LCD_Print_Full_Line>
     d64:	2f ef       	ldi	r18, 0xFF	; 255
     d66:	80 e7       	ldi	r24, 0x70	; 112
     d68:	92 e0       	ldi	r25, 0x02	; 2
     d6a:	21 50       	subi	r18, 0x01	; 1
     d6c:	80 40       	sbci	r24, 0x00	; 0
     d6e:	90 40       	sbci	r25, 0x00	; 0
     d70:	e1 f7       	brne	.-8      	; 0xd6a <set_date+0x232>
     d72:	00 c0       	rjmp	.+0      	; 0xd74 <set_date+0x23c>
     d74:	00 00       	nop
		_delay_ms(800);
	}
	
	LCD_Clear();
     d76:	0e 94 cd 01 	call	0x39a	; 0x39a <LCD_Clear>
}
     d7a:	29 96       	adiw	r28, 0x09	; 9
     d7c:	0f b6       	in	r0, 0x3f	; 63
     d7e:	f8 94       	cli
     d80:	de bf       	out	0x3e, r29	; 62
     d82:	0f be       	out	0x3f, r0	; 63
     d84:	cd bf       	out	0x3d, r28	; 61
     d86:	df 91       	pop	r29
     d88:	cf 91       	pop	r28
     d8a:	1f 91       	pop	r17
     d8c:	0f 91       	pop	r16
     d8e:	ff 90       	pop	r15
     d90:	ef 90       	pop	r14
     d92:	08 95       	ret

00000d94 <initial_setup>:
}


// ---------- INITIAL SETUP FUNCTION (runs at boot) ----------
void initial_setup(void)
{
     d94:	cf 93       	push	r28
	LCD_Clear();
     d96:	0e 94 cd 01 	call	0x39a	; 0x39a <LCD_Clear>
	LCD_Print_Full_Line("INITIAL SETUP", 0);
     d9a:	60 e0       	ldi	r22, 0x00	; 0
     d9c:	8a ee       	ldi	r24, 0xEA	; 234
     d9e:	91 e0       	ldi	r25, 0x01	; 1
     da0:	0e 94 75 03 	call	0x6ea	; 0x6ea <LCD_Print_Full_Line>
	LCD_Print_Full_Line("Please Wait...", 1);
     da4:	61 e0       	ldi	r22, 0x01	; 1
     da6:	88 ef       	ldi	r24, 0xF8	; 248
     da8:	91 e0       	ldi	r25, 0x01	; 1
     daa:	0e 94 75 03 	call	0x6ea	; 0x6ea <LCD_Print_Full_Line>
	LED_YELLOW_ON();
     dae:	82 b3       	in	r24, 0x12	; 18
     db0:	80 62       	ori	r24, 0x20	; 32
     db2:	82 bb       	out	0x12, r24	; 18
	LED_RED_ON();
     db4:	82 b3       	in	r24, 0x12	; 18
     db6:	80 61       	ori	r24, 0x10	; 16
     db8:	82 bb       	out	0x12, r24	; 18
     dba:	2f e1       	ldi	r18, 0x1F	; 31
     dbc:	8f eb       	ldi	r24, 0xBF	; 191
     dbe:	92 e0       	ldi	r25, 0x02	; 2
     dc0:	21 50       	subi	r18, 0x01	; 1
     dc2:	80 40       	sbci	r24, 0x00	; 0
     dc4:	90 40       	sbci	r25, 0x00	; 0
     dc6:	e1 f7       	brne	.-8      	; 0xdc0 <initial_setup+0x2c>
     dc8:	00 c0       	rjmp	.+0      	; 0xdca <initial_setup+0x36>
     dca:	00 00       	nop
	_delay_ms(900);
	ALL_LEDS_OFF();
     dcc:	82 b3       	in	r24, 0x12	; 18
     dce:	87 7c       	andi	r24, 0xC7	; 199
     dd0:	82 bb       	out	0x12, r24	; 18
	
	// Step 1: Choose time format
	LCD_Clear();
     dd2:	0e 94 cd 01 	call	0x39a	; 0x39a <LCD_Clear>
	LCD_Print_Full_Line("SELECT FORMAT:", 0);
     dd6:	60 e0       	ldi	r22, 0x00	; 0
     dd8:	87 e0       	ldi	r24, 0x07	; 7
     dda:	92 e0       	ldi	r25, 0x02	; 2
     ddc:	0e 94 75 03 	call	0x6ea	; 0x6ea <LCD_Print_Full_Line>
	LCD_Print_Full_Line("A=12HR  B=24HR", 1);
     de0:	61 e0       	ldi	r22, 0x01	; 1
     de2:	86 e1       	ldi	r24, 0x16	; 22
     de4:	92 e0       	ldi	r25, 0x02	; 2
     de6:	0e 94 75 03 	call	0x6ea	; 0x6ea <LCD_Print_Full_Line>
	
	char format_key;
	do {
		format_key = scankey();
     dea:	0e 94 67 04 	call	0x8ce	; 0x8ce <scankey>
     dee:	c8 2f       	mov	r28, r24
	} while(format_key != 'A' && format_key != 'B');
     df0:	8f eb       	ldi	r24, 0xBF	; 191
     df2:	8c 0f       	add	r24, r28
     df4:	82 30       	cpi	r24, 0x02	; 2
     df6:	c8 f7       	brcc	.-14     	; 0xdea <initial_setup+0x56>
	
	buzzer_beep();
     df8:	0e 94 5a 01 	call	0x2b4	; 0x2b4 <buzzer_beep>
	mode_12hr = (format_key == 'A') ? 1 : 0;
     dfc:	81 e0       	ldi	r24, 0x01	; 1
     dfe:	c1 34       	cpi	r28, 0x41	; 65
     e00:	09 f0       	breq	.+2      	; 0xe04 <initial_setup+0x70>
     e02:	80 e0       	ldi	r24, 0x00	; 0
     e04:	80 93 7a 00 	sts	0x007A, r24	; 0x80007a <mode_12hr>
	
	LCD_Clear();
     e08:	0e 94 cd 01 	call	0x39a	; 0x39a <LCD_Clear>
	if(mode_12hr)
     e0c:	80 91 7a 00 	lds	r24, 0x007A	; 0x80007a <mode_12hr>
     e10:	88 23       	and	r24, r24
     e12:	31 f0       	breq	.+12     	; 0xe20 <initial_setup+0x8c>
	LCD_Print_Full_Line("12-HOUR MODE", 0);
     e14:	60 e0       	ldi	r22, 0x00	; 0
     e16:	8e e1       	ldi	r24, 0x1E	; 30
     e18:	91 e0       	ldi	r25, 0x01	; 1
     e1a:	0e 94 75 03 	call	0x6ea	; 0x6ea <LCD_Print_Full_Line>
     e1e:	05 c0       	rjmp	.+10     	; 0xe2a <initial_setup+0x96>
	else
	LCD_Print_Full_Line("24-HOUR MODE", 0);
     e20:	60 e0       	ldi	r22, 0x00	; 0
     e22:	8b e2       	ldi	r24, 0x2B	; 43
     e24:	91 e0       	ldi	r25, 0x01	; 1
     e26:	0e 94 75 03 	call	0x6ea	; 0x6ea <LCD_Print_Full_Line>
	LCD_Print_Full_Line("SELECTED", 1);
     e2a:	61 e0       	ldi	r22, 0x01	; 1
     e2c:	85 e2       	ldi	r24, 0x25	; 37
     e2e:	92 e0       	ldi	r25, 0x02	; 2
     e30:	0e 94 75 03 	call	0x6ea	; 0x6ea <LCD_Print_Full_Line>
	LED_GREEN_ON();
     e34:	82 b3       	in	r24, 0x12	; 18
     e36:	88 60       	ori	r24, 0x08	; 8
     e38:	82 bb       	out	0x12, r24	; 18
     e3a:	2f ef       	ldi	r18, 0xFF	; 255
     e3c:	80 e7       	ldi	r24, 0x70	; 112
     e3e:	92 e0       	ldi	r25, 0x02	; 2
     e40:	21 50       	subi	r18, 0x01	; 1
     e42:	80 40       	sbci	r24, 0x00	; 0
     e44:	90 40       	sbci	r25, 0x00	; 0
     e46:	e1 f7       	brne	.-8      	; 0xe40 <initial_setup+0xac>
     e48:	00 c0       	rjmp	.+0      	; 0xe4a <initial_setup+0xb6>
     e4a:	00 00       	nop
	_delay_ms(800);
	LED_GREEN_OFF();
     e4c:	82 b3       	in	r24, 0x12	; 18
     e4e:	87 7f       	andi	r24, 0xF7	; 247
     e50:	82 bb       	out	0x12, r24	; 18
	
	// Step 2: Set time
	LCD_Clear();
     e52:	0e 94 cd 01 	call	0x39a	; 0x39a <LCD_Clear>
	LCD_Print_Full_Line("STEP 1 OF 2:", 0);
     e56:	60 e0       	ldi	r22, 0x00	; 0
     e58:	8e e2       	ldi	r24, 0x2E	; 46
     e5a:	92 e0       	ldi	r25, 0x02	; 2
     e5c:	0e 94 75 03 	call	0x6ea	; 0x6ea <LCD_Print_Full_Line>
	LCD_Print_Full_Line("SET TIME", 1);
     e60:	61 e0       	ldi	r22, 0x01	; 1
     e62:	88 e3       	ldi	r24, 0x38	; 56
     e64:	91 e0       	ldi	r25, 0x01	; 1
     e66:	0e 94 75 03 	call	0x6ea	; 0x6ea <LCD_Print_Full_Line>
     e6a:	2f e1       	ldi	r18, 0x1F	; 31
     e6c:	8f eb       	ldi	r24, 0xBF	; 191
     e6e:	92 e0       	ldi	r25, 0x02	; 2
     e70:	21 50       	subi	r18, 0x01	; 1
     e72:	80 40       	sbci	r24, 0x00	; 0
     e74:	90 40       	sbci	r25, 0x00	; 0
     e76:	e1 f7       	brne	.-8      	; 0xe70 <initial_setup+0xdc>
     e78:	00 c0       	rjmp	.+0      	; 0xe7a <initial_setup+0xe6>
     e7a:	00 00       	nop
	_delay_ms(900);
	
	set_time_12hr();
     e7c:	0e 94 92 04 	call	0x924	; 0x924 <set_time_12hr>
	
	// Step 3: Set date
	LCD_Clear();
     e80:	0e 94 cd 01 	call	0x39a	; 0x39a <LCD_Clear>
	LCD_Print_Full_Line("STEP 2 OF 2:", 0);
     e84:	60 e0       	ldi	r22, 0x00	; 0
     e86:	8b e3       	ldi	r24, 0x3B	; 59
     e88:	92 e0       	ldi	r25, 0x02	; 2
     e8a:	0e 94 75 03 	call	0x6ea	; 0x6ea <LCD_Print_Full_Line>
	LCD_Print_Full_Line("SET DATE", 1);
     e8e:	61 e0       	ldi	r22, 0x01	; 1
     e90:	8d e8       	ldi	r24, 0x8D	; 141
     e92:	91 e0       	ldi	r25, 0x01	; 1
     e94:	0e 94 75 03 	call	0x6ea	; 0x6ea <LCD_Print_Full_Line>
     e98:	2f e1       	ldi	r18, 0x1F	; 31
     e9a:	8f eb       	ldi	r24, 0xBF	; 191
     e9c:	92 e0       	ldi	r25, 0x02	; 2
     e9e:	21 50       	subi	r18, 0x01	; 1
     ea0:	80 40       	sbci	r24, 0x00	; 0
     ea2:	90 40       	sbci	r25, 0x00	; 0
     ea4:	e1 f7       	brne	.-8      	; 0xe9e <initial_setup+0x10a>
     ea6:	00 c0       	rjmp	.+0      	; 0xea8 <initial_setup+0x114>
     ea8:	00 00       	nop
	_delay_ms(900);
	
	set_date();
     eaa:	0e 94 9c 05 	call	0xb38	; 0xb38 <set_date>
	
	// Setup complete
	LCD_Clear();
     eae:	0e 94 cd 01 	call	0x39a	; 0x39a <LCD_Clear>
	LCD_Print_Full_Line("SETUP COMPLETE!", 0);
     eb2:	60 e0       	ldi	r22, 0x00	; 0
     eb4:	88 e4       	ldi	r24, 0x48	; 72
     eb6:	92 e0       	ldi	r25, 0x02	; 2
     eb8:	0e 94 75 03 	call	0x6ea	; 0x6ea <LCD_Print_Full_Line>
	LCD_Print_Full_Line("Starting...", 1);
     ebc:	61 e0       	ldi	r22, 0x01	; 1
     ebe:	88 e5       	ldi	r24, 0x58	; 88
     ec0:	92 e0       	ldi	r25, 0x02	; 2
     ec2:	0e 94 75 03 	call	0x6ea	; 0x6ea <LCD_Print_Full_Line>
	ALL_LEDS_ON();
     ec6:	82 b3       	in	r24, 0x12	; 18
     ec8:	88 63       	ori	r24, 0x38	; 56
     eca:	82 bb       	out	0x12, r24	; 18
     ecc:	2f e7       	ldi	r18, 0x7F	; 127
     ece:	89 ea       	ldi	r24, 0xA9	; 169
     ed0:	93 e0       	ldi	r25, 0x03	; 3
     ed2:	21 50       	subi	r18, 0x01	; 1
     ed4:	80 40       	sbci	r24, 0x00	; 0
     ed6:	90 40       	sbci	r25, 0x00	; 0
     ed8:	e1 f7       	brne	.-8      	; 0xed2 <initial_setup+0x13e>
     eda:	00 c0       	rjmp	.+0      	; 0xedc <initial_setup+0x148>
     edc:	00 00       	nop
	_delay_ms(1200);
	ALL_LEDS_OFF();
     ede:	82 b3       	in	r24, 0x12	; 18
     ee0:	87 7c       	andi	r24, 0xC7	; 199
     ee2:	82 bb       	out	0x12, r24	; 18
	LCD_Clear();
     ee4:	0e 94 cd 01 	call	0x39a	; 0x39a <LCD_Clear>
}
     ee8:	cf 91       	pop	r28
     eea:	08 95       	ret

00000eec <system_reset>:
}

// ---------- SYSTEM RESET FUNCTION ----------
void system_reset(void)
{
	cli(); // Disable interrupts
     eec:	f8 94       	cli

	LCD_Clear();
     eee:	0e 94 cd 01 	call	0x39a	; 0x39a <LCD_Clear>
	LCD_Print_Full_Line("RESET SYSTEM?", 0);
     ef2:	60 e0       	ldi	r22, 0x00	; 0
     ef4:	84 e6       	ldi	r24, 0x64	; 100
     ef6:	92 e0       	ldi	r25, 0x02	; 2
     ef8:	0e 94 75 03 	call	0x6ea	; 0x6ea <LCD_Print_Full_Line>
	LCD_Print_Full_Line("A=YES B=CANCEL", 1);
     efc:	61 e0       	ldi	r22, 0x01	; 1
     efe:	82 e7       	ldi	r24, 0x72	; 114
     f00:	92 e0       	ldi	r25, 0x02	; 2
     f02:	0e 94 75 03 	call	0x6ea	; 0x6ea <LCD_Print_Full_Line>

	// Flash all LEDs as warning
	for(uint8_t i=0; i<5; i++)
     f06:	90 e0       	ldi	r25, 0x00	; 0
     f08:	19 c0       	rjmp	.+50     	; 0xf3c <system_reset+0x50>
	{
		ALL_LEDS_ON();
     f0a:	82 b3       	in	r24, 0x12	; 18
     f0c:	88 63       	ori	r24, 0x38	; 56
     f0e:	82 bb       	out	0x12, r24	; 18
		BUZZER_ON();
     f10:	82 b3       	in	r24, 0x12	; 18
     f12:	80 64       	ori	r24, 0x40	; 64
     f14:	82 bb       	out	0x12, r24	; 18
     f16:	eb e7       	ldi	r30, 0x7B	; 123
     f18:	f2 e9       	ldi	r31, 0x92	; 146
     f1a:	31 97       	sbiw	r30, 0x01	; 1
     f1c:	f1 f7       	brne	.-4      	; 0xf1a <system_reset+0x2e>
     f1e:	00 c0       	rjmp	.+0      	; 0xf20 <system_reset+0x34>
     f20:	00 00       	nop
		_delay_ms(150);
		ALL_LEDS_OFF();
     f22:	82 b3       	in	r24, 0x12	; 18
     f24:	87 7c       	andi	r24, 0xC7	; 199
     f26:	82 bb       	out	0x12, r24	; 18
		BUZZER_OFF();
     f28:	82 b3       	in	r24, 0x12	; 18
     f2a:	8f 7b       	andi	r24, 0xBF	; 191
     f2c:	82 bb       	out	0x12, r24	; 18
     f2e:	eb e7       	ldi	r30, 0x7B	; 123
     f30:	f2 e9       	ldi	r31, 0x92	; 146
     f32:	31 97       	sbiw	r30, 0x01	; 1
     f34:	f1 f7       	brne	.-4      	; 0xf32 <system_reset+0x46>
     f36:	00 c0       	rjmp	.+0      	; 0xf38 <system_reset+0x4c>
     f38:	00 00       	nop
	LCD_Clear();
	LCD_Print_Full_Line("RESET SYSTEM?", 0);
	LCD_Print_Full_Line("A=YES B=CANCEL", 1);

	// Flash all LEDs as warning
	for(uint8_t i=0; i<5; i++)
     f3a:	9f 5f       	subi	r25, 0xFF	; 255
     f3c:	95 30       	cpi	r25, 0x05	; 5
     f3e:	28 f3       	brcs	.-54     	; 0xf0a <system_reset+0x1e>
		_delay_ms(150);
	}

	char confirm;
	do {
		confirm = scankey();
     f40:	0e 94 67 04 	call	0x8ce	; 0x8ce <scankey>
	} while(confirm != 'A' && confirm != 'B');
     f44:	9f eb       	ldi	r25, 0xBF	; 191
     f46:	98 0f       	add	r25, r24
     f48:	92 30       	cpi	r25, 0x02	; 2
     f4a:	d0 f7       	brcc	.-12     	; 0xf40 <system_reset+0x54>

	if(confirm == 'A')
     f4c:	81 34       	cpi	r24, 0x41	; 65
     f4e:	09 f0       	breq	.+2      	; 0xf52 <system_reset+0x66>
     f50:	44 c0       	rjmp	.+136    	; 0xfda <system_reset+0xee>
	{
		buzzer_long_beep();
     f52:	0e 94 6e 01 	call	0x2dc	; 0x2dc <buzzer_long_beep>

		LCD_Clear();
     f56:	0e 94 cd 01 	call	0x39a	; 0x39a <LCD_Clear>
		LCD_Print_Full_Line("RESETTING...", 0);
     f5a:	60 e0       	ldi	r22, 0x00	; 0
     f5c:	81 e8       	ldi	r24, 0x81	; 129
     f5e:	92 e0       	ldi	r25, 0x02	; 2
     f60:	0e 94 75 03 	call	0x6ea	; 0x6ea <LCD_Print_Full_Line>
		LED_RED_ON();
     f64:	82 b3       	in	r24, 0x12	; 18
     f66:	80 61       	ori	r24, 0x10	; 16
     f68:	82 bb       	out	0x12, r24	; 18

		// Reset values to defaults (no EEPROM to clear)
		hours = 0;
     f6a:	10 92 0d 03 	sts	0x030D, r1	; 0x80030d <hours>
		minutes = 0;
     f6e:	10 92 0c 03 	sts	0x030C, r1	; 0x80030c <minutes>
		seconds = 0;
     f72:	10 92 0b 03 	sts	0x030B, r1	; 0x80030b <seconds>
		milliseconds = 0;
     f76:	10 92 0a 03 	sts	0x030A, r1	; 0x80030a <milliseconds+0x1>
     f7a:	10 92 09 03 	sts	0x0309, r1	; 0x800309 <milliseconds>
		day = 0;
     f7e:	10 92 08 03 	sts	0x0308, r1	; 0x800308 <day>
		month = 0;
     f82:	10 92 07 03 	sts	0x0307, r1	; 0x800307 <month>
		year = 0;
     f86:	10 92 06 03 	sts	0x0306, r1	; 0x800306 <year+0x1>
     f8a:	10 92 05 03 	sts	0x0305, r1	; 0x800305 <year>
		mode_12hr = 1;
     f8e:	81 e0       	ldi	r24, 0x01	; 1
     f90:	80 93 7a 00 	sts	0x007A, r24	; 0x80007a <mode_12hr>
		display_mode = 0;
     f94:	10 92 04 03 	sts	0x0304, r1	; 0x800304 <display_mode>

		LCD_Clear();
     f98:	0e 94 cd 01 	call	0x39a	; 0x39a <LCD_Clear>
		LCD_Print_Full_Line("RESET COMPLETE!", 0);
     f9c:	60 e0       	ldi	r22, 0x00	; 0
     f9e:	8e e8       	ldi	r24, 0x8E	; 142
     fa0:	92 e0       	ldi	r25, 0x02	; 2
     fa2:	0e 94 75 03 	call	0x6ea	; 0x6ea <LCD_Print_Full_Line>
		LCD_Print_Full_Line("RESTARTING...", 1);
     fa6:	61 e0       	ldi	r22, 0x01	; 1
     fa8:	8e e9       	ldi	r24, 0x9E	; 158
     faa:	92 e0       	ldi	r25, 0x02	; 2
     fac:	0e 94 75 03 	call	0x6ea	; 0x6ea <LCD_Print_Full_Line>
		ALL_LEDS_ON();
     fb0:	82 b3       	in	r24, 0x12	; 18
     fb2:	88 63       	ori	r24, 0x38	; 56
     fb4:	82 bb       	out	0x12, r24	; 18
     fb6:	ff e7       	ldi	r31, 0x7F	; 127
     fb8:	29 ea       	ldi	r18, 0xA9	; 169
     fba:	83 e0       	ldi	r24, 0x03	; 3
     fbc:	f1 50       	subi	r31, 0x01	; 1
     fbe:	20 40       	sbci	r18, 0x00	; 0
     fc0:	80 40       	sbci	r24, 0x00	; 0
     fc2:	e1 f7       	brne	.-8      	; 0xfbc <system_reset+0xd0>
     fc4:	00 c0       	rjmp	.+0      	; 0xfc6 <system_reset+0xda>
     fc6:	00 00       	nop
		_delay_ms(1200);
		ALL_LEDS_OFF();
     fc8:	82 b3       	in	r24, 0x12	; 18
     fca:	87 7c       	andi	r24, 0xC7	; 199
     fcc:	82 bb       	out	0x12, r24	; 18

		// Re-run initial setup so user can enter format, time and date
		initial_setup();
     fce:	0e 94 ca 06 	call	0xd94	; 0xd94 <initial_setup>

		// Show the fresh display after setup
		update_display();
     fd2:	0e 94 06 02 	call	0x40c	; 0x40c <update_display>

		sei(); // Re-enable interrupts
     fd6:	78 94       	sei
     fd8:	08 95       	ret
	}
	else
	{
		LCD_Clear();
     fda:	0e 94 cd 01 	call	0x39a	; 0x39a <LCD_Clear>
		LCD_Print_Full_Line("CANCELLED", 0);
     fde:	60 e0       	ldi	r22, 0x00	; 0
     fe0:	8c ea       	ldi	r24, 0xAC	; 172
     fe2:	92 e0       	ldi	r25, 0x02	; 2
     fe4:	0e 94 75 03 	call	0x6ea	; 0x6ea <LCD_Print_Full_Line>
		LED_YELLOW_ON();
     fe8:	82 b3       	in	r24, 0x12	; 18
     fea:	80 62       	ori	r24, 0x20	; 32
     fec:	82 bb       	out	0x12, r24	; 18
     fee:	9f ef       	ldi	r25, 0xFF	; 255
     ff0:	e0 e7       	ldi	r30, 0x70	; 112
     ff2:	f2 e0       	ldi	r31, 0x02	; 2
     ff4:	91 50       	subi	r25, 0x01	; 1
     ff6:	e0 40       	sbci	r30, 0x00	; 0
     ff8:	f0 40       	sbci	r31, 0x00	; 0
     ffa:	e1 f7       	brne	.-8      	; 0xff4 <system_reset+0x108>
     ffc:	00 c0       	rjmp	.+0      	; 0xffe <system_reset+0x112>
     ffe:	00 00       	nop
		_delay_ms(800);
		LED_YELLOW_OFF();
    1000:	82 b3       	in	r24, 0x12	; 18
    1002:	8f 7d       	andi	r24, 0xDF	; 223
    1004:	82 bb       	out	0x12, r24	; 18
		LCD_Clear();
    1006:	0e 94 cd 01 	call	0x39a	; 0x39a <LCD_Clear>
		sei(); // Re-enable interrupts
    100a:	78 94       	sei
		update_display();
    100c:	0e 94 06 02 	call	0x40c	; 0x40c <update_display>
    1010:	08 95       	ret

00001012 <main>:

// ---------- MAIN FUNCTION ----------
int main(void)
{
	// Port initialization using macros
	LCD_DATA_DDR = 0xFF;                    // LCD data port (PORTB - all output)
    1012:	8f ef       	ldi	r24, 0xFF	; 255
    1014:	87 bb       	out	0x17, r24	; 23
	LCD_CMD_DDR |= (1<<LCD_RS)|(1<<LCD_RW)|(1<<LCD_EN);  // LCD control pins as output
    1016:	81 b3       	in	r24, 0x11	; 17
    1018:	87 60       	ori	r24, 0x07	; 7
    101a:	81 bb       	out	0x11, r24	; 17
	
	// LEDs and Buzzer as output on PORTD
	LED_GREEN_DDR |= (1<<LED_GREEN_PIN);
    101c:	81 b3       	in	r24, 0x11	; 17
    101e:	88 60       	ori	r24, 0x08	; 8
    1020:	81 bb       	out	0x11, r24	; 17
	LED_RED_DDR |= (1<<LED_RED_PIN);
    1022:	81 b3       	in	r24, 0x11	; 17
    1024:	80 61       	ori	r24, 0x10	; 16
    1026:	81 bb       	out	0x11, r24	; 17
	LED_YELLOW_DDR |= (1<<LED_YELLOW_PIN);
    1028:	81 b3       	in	r24, 0x11	; 17
    102a:	80 62       	ori	r24, 0x20	; 32
    102c:	81 bb       	out	0x11, r24	; 17
	BUZZER_DDR |= (1<<BUZZER_PIN);
    102e:	81 b3       	in	r24, 0x11	; 17
    1030:	80 64       	ori	r24, 0x40	; 64
    1032:	81 bb       	out	0x11, r24	; 17
	
	// Keypad: Rows as output (PC0-PC3), Columns as input with pull-ups (PC4-PC7)
	// Preserve other PORTC bits by using bitwise ops
	KEYPAD_DDR &= ~KEYPAD_COLS_MASK;          // ensure column pins are inputs
    1034:	84 b3       	in	r24, 0x14	; 20
    1036:	8f 70       	andi	r24, 0x0F	; 15
    1038:	84 bb       	out	0x14, r24	; 20
	KEYPAD_DDR |= KEYPAD_ROWS_MASK;           // rows as outputs
    103a:	84 b3       	in	r24, 0x14	; 20
    103c:	8f 60       	ori	r24, 0x0F	; 15
    103e:	84 bb       	out	0x14, r24	; 20
	// Set all rows HIGH (idle) and enable pull-ups on columns
	KEYPAD_PORT |= KEYPAD_COLS_MASK;          // enable pull-ups on columns
    1040:	85 b3       	in	r24, 0x15	; 21
    1042:	80 6f       	ori	r24, 0xF0	; 240
    1044:	85 bb       	out	0x15, r24	; 21
	KEYPAD_PORT |= KEYPAD_ROWS_MASK;          // set rows HIGH (idle)
    1046:	85 b3       	in	r24, 0x15	; 21
    1048:	8f 60       	ori	r24, 0x0F	; 15
    104a:	85 bb       	out	0x15, r24	; 21

	LCD_Init();
    104c:	0e 94 ac 01 	call	0x358	; 0x358 <LCD_Init>
	timer_init();
    1050:	0e 94 49 00 	call	0x92	; 0x92 <timer_init>
	
	sei(); // Enable interrupts
    1054:	78 94       	sei

	// Startup screen
	LCD_Clear();
    1056:	0e 94 cd 01 	call	0x39a	; 0x39a <LCD_Clear>
	LCD_Print_Full_Line("DIGITAL CLOCK", 0);
    105a:	60 e0       	ldi	r22, 0x00	; 0
    105c:	86 eb       	ldi	r24, 0xB6	; 182
    105e:	92 e0       	ldi	r25, 0x02	; 2
    1060:	0e 94 75 03 	call	0x6ea	; 0x6ea <LCD_Print_Full_Line>
	LCD_Print_Full_Line("WITH DATE", 1);
    1064:	61 e0       	ldi	r22, 0x01	; 1
    1066:	84 ec       	ldi	r24, 0xC4	; 196
    1068:	92 e0       	ldi	r25, 0x02	; 2
    106a:	0e 94 75 03 	call	0x6ea	; 0x6ea <LCD_Print_Full_Line>
	LED_YELLOW_ON();
    106e:	82 b3       	in	r24, 0x12	; 18
    1070:	80 62       	ori	r24, 0x20	; 32
    1072:	82 bb       	out	0x12, r24	; 18
	LED_GREEN_ON();
    1074:	82 b3       	in	r24, 0x12	; 18
    1076:	88 60       	ori	r24, 0x08	; 8
    1078:	82 bb       	out	0x12, r24	; 18
    107a:	2f e7       	ldi	r18, 0x7F	; 127
    107c:	89 ea       	ldi	r24, 0xA9	; 169
    107e:	93 e0       	ldi	r25, 0x03	; 3
    1080:	21 50       	subi	r18, 0x01	; 1
    1082:	80 40       	sbci	r24, 0x00	; 0
    1084:	90 40       	sbci	r25, 0x00	; 0
    1086:	e1 f7       	brne	.-8      	; 0x1080 <main+0x6e>
    1088:	00 c0       	rjmp	.+0      	; 0x108a <main+0x78>
    108a:	00 00       	nop
	_delay_ms(1200);
	ALL_LEDS_OFF();
    108c:	82 b3       	in	r24, 0x12	; 18
    108e:	87 7c       	andi	r24, 0xC7	; 199
    1090:	82 bb       	out	0x12, r24	; 18
	LCD_Clear();
    1092:	0e 94 cd 01 	call	0x39a	; 0x39a <LCD_Clear>

	// Run initial setup automatically at each boot so user can adjust settings
	initial_setup();
    1096:	0e 94 ca 06 	call	0xd94	; 0xd94 <initial_setup>

	// Show the fresh display after setup
	update_display();
    109a:	0e 94 06 02 	call	0x40c	; 0x40c <update_display>
    109e:	2f e9       	ldi	r18, 0x9F	; 159
    10a0:	86 e8       	ldi	r24, 0x86	; 134
    10a2:	91 e0       	ldi	r25, 0x01	; 1
    10a4:	21 50       	subi	r18, 0x01	; 1
    10a6:	80 40       	sbci	r24, 0x00	; 0
    10a8:	90 40       	sbci	r25, 0x00	; 0
    10aa:	e1 f7       	brne	.-8      	; 0x10a4 <main+0x92>
    10ac:	00 c0       	rjmp	.+0      	; 0x10ae <main+0x9c>
    10ae:	00 00       	nop
	_delay_ms(500);
	LCD_Clear();
    10b0:	0e 94 cd 01 	call	0x39a	; 0x39a <LCD_Clear>

	uint8_t last_second = seconds;
    10b4:	10 91 0b 03 	lds	r17, 0x030B	; 0x80030b <seconds>
	uint8_t blink_state = 0;
    10b8:	d0 e0       	ldi	r29, 0x00	; 0
	
	while(1)
	{
		// Update display every second
		if(seconds != last_second)
    10ba:	80 91 0b 03 	lds	r24, 0x030B	; 0x80030b <seconds>
    10be:	18 17       	cp	r17, r24
    10c0:	09 f1       	breq	.+66     	; 0x1104 <main+0xf2>
		{
			last_second = seconds;
    10c2:	10 91 0b 03 	lds	r17, 0x030B	; 0x80030b <seconds>
			update_display();
    10c6:	0e 94 06 02 	call	0x40c	; 0x40c <update_display>
			
			// Green LED blinks every second
			blink_state = !blink_state;
    10ca:	81 e0       	ldi	r24, 0x01	; 1
    10cc:	d1 11       	cpse	r29, r1
    10ce:	80 e0       	ldi	r24, 0x00	; 0
			if(blink_state) LED_GREEN_ON();
    10d0:	d1 11       	cpse	r29, r1
    10d2:	04 c0       	rjmp	.+8      	; 0x10dc <main+0xca>
    10d4:	92 b3       	in	r25, 0x12	; 18
    10d6:	98 60       	ori	r25, 0x08	; 8
    10d8:	92 bb       	out	0x12, r25	; 18
    10da:	03 c0       	rjmp	.+6      	; 0x10e2 <main+0xd0>
			else LED_GREEN_OFF();
    10dc:	92 b3       	in	r25, 0x12	; 18
    10de:	97 7f       	andi	r25, 0xF7	; 247
    10e0:	92 bb       	out	0x12, r25	; 18
			
			// Yellow LED blinks at top of hour
			if(minutes == 0 && seconds < 3)
    10e2:	90 91 0c 03 	lds	r25, 0x030C	; 0x80030c <minutes>
    10e6:	91 11       	cpse	r25, r1
    10e8:	09 c0       	rjmp	.+18     	; 0x10fc <main+0xea>
    10ea:	90 91 0b 03 	lds	r25, 0x030B	; 0x80030b <seconds>
    10ee:	93 30       	cpi	r25, 0x03	; 3
    10f0:	28 f4       	brcc	.+10     	; 0x10fc <main+0xea>
			{
				LED_YELLOW_ON();
    10f2:	92 b3       	in	r25, 0x12	; 18
    10f4:	90 62       	ori	r25, 0x20	; 32
    10f6:	92 bb       	out	0x12, r25	; 18
		{
			last_second = seconds;
			update_display();
			
			// Green LED blinks every second
			blink_state = !blink_state;
    10f8:	d8 2f       	mov	r29, r24
			else LED_GREEN_OFF();
			
			// Yellow LED blinks at top of hour
			if(minutes == 0 && seconds < 3)
			{
				LED_YELLOW_ON();
    10fa:	04 c0       	rjmp	.+8      	; 0x1104 <main+0xf2>
			}
			else
			{
				LED_YELLOW_OFF();
    10fc:	92 b3       	in	r25, 0x12	; 18
    10fe:	9f 7d       	andi	r25, 0xDF	; 223
    1100:	92 bb       	out	0x12, r25	; 18
		{
			last_second = seconds;
			update_display();
			
			// Green LED blinks every second
			blink_state = !blink_state;
    1102:	d8 2f       	mov	r29, r24
				LED_YELLOW_OFF();
			}
		}
		
		// Check for key press
		char key = keycheck();
    1104:	0e 94 fa 03 	call	0x7f4	; 0x7f4 <keycheck>
    1108:	c8 2f       	mov	r28, r24
		if(key != 'a')
    110a:	81 36       	cpi	r24, 0x61	; 97
    110c:	b1 f2       	breq	.-84     	; 0x10ba <main+0xa8>
    110e:	87 e8       	ldi	r24, 0x87	; 135
    1110:	93 e1       	ldi	r25, 0x13	; 19
    1112:	01 97       	sbiw	r24, 0x01	; 1
    1114:	f1 f7       	brne	.-4      	; 0x1112 <main+0x100>
    1116:	00 c0       	rjmp	.+0      	; 0x1118 <main+0x106>
    1118:	00 00       	nop
		{
			_delay_ms(20); // small debounce
			while(keycheck() != 'a'); // wait release
    111a:	0e 94 fa 03 	call	0x7f4	; 0x7f4 <keycheck>
    111e:	81 36       	cpi	r24, 0x61	; 97
    1120:	e1 f7       	brne	.-8      	; 0x111a <main+0x108>
			buzzer_beep();
    1122:	0e 94 5a 01 	call	0x2b4	; 0x2b4 <buzzer_beep>
			
			switch(key)
    1126:	c2 34       	cpi	r28, 0x42	; 66
    1128:	71 f0       	breq	.+28     	; 0x1146 <main+0x134>
    112a:	28 f4       	brcc	.+10     	; 0x1136 <main+0x124>
    112c:	c3 32       	cpi	r28, 0x23	; 35
    112e:	31 f1       	breq	.+76     	; 0x117c <main+0x16a>
    1130:	c1 34       	cpi	r28, 0x41	; 65
    1132:	31 f0       	breq	.+12     	; 0x1140 <main+0x12e>
    1134:	c2 cf       	rjmp	.-124    	; 0x10ba <main+0xa8>
    1136:	c3 34       	cpi	r28, 0x43	; 67
    1138:	49 f0       	breq	.+18     	; 0x114c <main+0x13a>
    113a:	c4 34       	cpi	r28, 0x44	; 68
    113c:	61 f0       	breq	.+24     	; 0x1156 <main+0x144>
    113e:	bd cf       	rjmp	.-134    	; 0x10ba <main+0xa8>
			{
				case 'A': set_time_12hr(); break;
    1140:	0e 94 92 04 	call	0x924	; 0x924 <set_time_12hr>
    1144:	ba cf       	rjmp	.-140    	; 0x10ba <main+0xa8>
				case 'B': set_date(); break;
    1146:	0e 94 9c 05 	call	0xb38	; 0xb38 <set_date>
    114a:	b7 cf       	rjmp	.-146    	; 0x10ba <main+0xa8>
				case 'C': toggle_12hr_mode(); update_display(); break;
    114c:	0e 94 d0 03 	call	0x7a0	; 0x7a0 <toggle_12hr_mode>
    1150:	0e 94 06 02 	call	0x40c	; 0x40c <update_display>
    1154:	b2 cf       	rjmp	.-156    	; 0x10ba <main+0xa8>
				case 'D':
				display_mode = !display_mode;
    1156:	81 e0       	ldi	r24, 0x01	; 1
    1158:	90 91 04 03 	lds	r25, 0x0304	; 0x800304 <display_mode>
    115c:	91 11       	cpse	r25, r1
    115e:	80 e0       	ldi	r24, 0x00	; 0
    1160:	80 93 04 03 	sts	0x0304, r24	; 0x800304 <display_mode>
				if(display_mode) LED_RED_ON();
    1164:	88 23       	and	r24, r24
    1166:	21 f0       	breq	.+8      	; 0x1170 <main+0x15e>
    1168:	82 b3       	in	r24, 0x12	; 18
    116a:	80 61       	ori	r24, 0x10	; 16
    116c:	82 bb       	out	0x12, r24	; 18
    116e:	03 c0       	rjmp	.+6      	; 0x1176 <main+0x164>
				else LED_RED_OFF();
    1170:	82 b3       	in	r24, 0x12	; 18
    1172:	8f 7e       	andi	r24, 0xEF	; 239
    1174:	82 bb       	out	0x12, r24	; 18
				update_display();
    1176:	0e 94 06 02 	call	0x40c	; 0x40c <update_display>
				break;
    117a:	9f cf       	rjmp	.-194    	; 0x10ba <main+0xa8>
				case '#': system_reset(); break;
    117c:	0e 94 76 07 	call	0xeec	; 0xeec <system_reset>
    1180:	9c cf       	rjmp	.-200    	; 0x10ba <main+0xa8>

00001182 <__umulhisi3>:
    1182:	a2 9f       	mul	r26, r18
    1184:	b0 01       	movw	r22, r0
    1186:	b3 9f       	mul	r27, r19
    1188:	c0 01       	movw	r24, r0
    118a:	a3 9f       	mul	r26, r19
    118c:	70 0d       	add	r23, r0
    118e:	81 1d       	adc	r24, r1
    1190:	11 24       	eor	r1, r1
    1192:	91 1d       	adc	r25, r1
    1194:	b2 9f       	mul	r27, r18
    1196:	70 0d       	add	r23, r0
    1198:	81 1d       	adc	r24, r1
    119a:	11 24       	eor	r1, r1
    119c:	91 1d       	adc	r25, r1
    119e:	08 95       	ret

000011a0 <snprintf>:
    11a0:	ae e0       	ldi	r26, 0x0E	; 14
    11a2:	b0 e0       	ldi	r27, 0x00	; 0
    11a4:	e6 ed       	ldi	r30, 0xD6	; 214
    11a6:	f8 e0       	ldi	r31, 0x08	; 8
    11a8:	0c 94 9f 0b 	jmp	0x173e	; 0x173e <__prologue_saves__+0x1c>
    11ac:	0d 89       	ldd	r16, Y+21	; 0x15
    11ae:	1e 89       	ldd	r17, Y+22	; 0x16
    11b0:	8f 89       	ldd	r24, Y+23	; 0x17
    11b2:	98 8d       	ldd	r25, Y+24	; 0x18
    11b4:	26 e0       	ldi	r18, 0x06	; 6
    11b6:	2c 83       	std	Y+4, r18	; 0x04
    11b8:	1a 83       	std	Y+2, r17	; 0x02
    11ba:	09 83       	std	Y+1, r16	; 0x01
    11bc:	97 ff       	sbrs	r25, 7
    11be:	02 c0       	rjmp	.+4      	; 0x11c4 <snprintf+0x24>
    11c0:	80 e0       	ldi	r24, 0x00	; 0
    11c2:	90 e8       	ldi	r25, 0x80	; 128
    11c4:	01 97       	sbiw	r24, 0x01	; 1
    11c6:	9e 83       	std	Y+6, r25	; 0x06
    11c8:	8d 83       	std	Y+5, r24	; 0x05
    11ca:	ae 01       	movw	r20, r28
    11cc:	45 5e       	subi	r20, 0xE5	; 229
    11ce:	5f 4f       	sbci	r21, 0xFF	; 255
    11d0:	69 8d       	ldd	r22, Y+25	; 0x19
    11d2:	7a 8d       	ldd	r23, Y+26	; 0x1a
    11d4:	ce 01       	movw	r24, r28
    11d6:	01 96       	adiw	r24, 0x01	; 1
    11d8:	0e 94 00 09 	call	0x1200	; 0x1200 <vfprintf>
    11dc:	4d 81       	ldd	r20, Y+5	; 0x05
    11de:	5e 81       	ldd	r21, Y+6	; 0x06
    11e0:	57 fd       	sbrc	r21, 7
    11e2:	0a c0       	rjmp	.+20     	; 0x11f8 <snprintf+0x58>
    11e4:	2f 81       	ldd	r18, Y+7	; 0x07
    11e6:	38 85       	ldd	r19, Y+8	; 0x08
    11e8:	42 17       	cp	r20, r18
    11ea:	53 07       	cpc	r21, r19
    11ec:	0c f4       	brge	.+2      	; 0x11f0 <snprintf+0x50>
    11ee:	9a 01       	movw	r18, r20
    11f0:	f8 01       	movw	r30, r16
    11f2:	e2 0f       	add	r30, r18
    11f4:	f3 1f       	adc	r31, r19
    11f6:	10 82       	st	Z, r1
    11f8:	2e 96       	adiw	r28, 0x0e	; 14
    11fa:	e4 e0       	ldi	r30, 0x04	; 4
    11fc:	0c 94 bb 0b 	jmp	0x1776	; 0x1776 <__epilogue_restores__+0x1c>

00001200 <vfprintf>:
    1200:	ab e0       	ldi	r26, 0x0B	; 11
    1202:	b0 e0       	ldi	r27, 0x00	; 0
    1204:	e6 e0       	ldi	r30, 0x06	; 6
    1206:	f9 e0       	ldi	r31, 0x09	; 9
    1208:	0c 94 91 0b 	jmp	0x1722	; 0x1722 <__prologue_saves__>
    120c:	6c 01       	movw	r12, r24
    120e:	7b 01       	movw	r14, r22
    1210:	8a 01       	movw	r16, r20
    1212:	fc 01       	movw	r30, r24
    1214:	17 82       	std	Z+7, r1	; 0x07
    1216:	16 82       	std	Z+6, r1	; 0x06
    1218:	83 81       	ldd	r24, Z+3	; 0x03
    121a:	81 ff       	sbrs	r24, 1
    121c:	cc c1       	rjmp	.+920    	; 0x15b6 <vfprintf+0x3b6>
    121e:	ce 01       	movw	r24, r28
    1220:	01 96       	adiw	r24, 0x01	; 1
    1222:	3c 01       	movw	r6, r24
    1224:	f6 01       	movw	r30, r12
    1226:	93 81       	ldd	r25, Z+3	; 0x03
    1228:	f7 01       	movw	r30, r14
    122a:	93 fd       	sbrc	r25, 3
    122c:	85 91       	lpm	r24, Z+
    122e:	93 ff       	sbrs	r25, 3
    1230:	81 91       	ld	r24, Z+
    1232:	7f 01       	movw	r14, r30
    1234:	88 23       	and	r24, r24
    1236:	09 f4       	brne	.+2      	; 0x123a <vfprintf+0x3a>
    1238:	ba c1       	rjmp	.+884    	; 0x15ae <vfprintf+0x3ae>
    123a:	85 32       	cpi	r24, 0x25	; 37
    123c:	39 f4       	brne	.+14     	; 0x124c <vfprintf+0x4c>
    123e:	93 fd       	sbrc	r25, 3
    1240:	85 91       	lpm	r24, Z+
    1242:	93 ff       	sbrs	r25, 3
    1244:	81 91       	ld	r24, Z+
    1246:	7f 01       	movw	r14, r30
    1248:	85 32       	cpi	r24, 0x25	; 37
    124a:	29 f4       	brne	.+10     	; 0x1256 <vfprintf+0x56>
    124c:	b6 01       	movw	r22, r12
    124e:	90 e0       	ldi	r25, 0x00	; 0
    1250:	0e 94 f7 0a 	call	0x15ee	; 0x15ee <fputc>
    1254:	e7 cf       	rjmp	.-50     	; 0x1224 <vfprintf+0x24>
    1256:	91 2c       	mov	r9, r1
    1258:	21 2c       	mov	r2, r1
    125a:	31 2c       	mov	r3, r1
    125c:	ff e1       	ldi	r31, 0x1F	; 31
    125e:	f3 15       	cp	r31, r3
    1260:	d8 f0       	brcs	.+54     	; 0x1298 <vfprintf+0x98>
    1262:	8b 32       	cpi	r24, 0x2B	; 43
    1264:	79 f0       	breq	.+30     	; 0x1284 <vfprintf+0x84>
    1266:	38 f4       	brcc	.+14     	; 0x1276 <vfprintf+0x76>
    1268:	80 32       	cpi	r24, 0x20	; 32
    126a:	79 f0       	breq	.+30     	; 0x128a <vfprintf+0x8a>
    126c:	83 32       	cpi	r24, 0x23	; 35
    126e:	a1 f4       	brne	.+40     	; 0x1298 <vfprintf+0x98>
    1270:	23 2d       	mov	r18, r3
    1272:	20 61       	ori	r18, 0x10	; 16
    1274:	1d c0       	rjmp	.+58     	; 0x12b0 <vfprintf+0xb0>
    1276:	8d 32       	cpi	r24, 0x2D	; 45
    1278:	61 f0       	breq	.+24     	; 0x1292 <vfprintf+0x92>
    127a:	80 33       	cpi	r24, 0x30	; 48
    127c:	69 f4       	brne	.+26     	; 0x1298 <vfprintf+0x98>
    127e:	23 2d       	mov	r18, r3
    1280:	21 60       	ori	r18, 0x01	; 1
    1282:	16 c0       	rjmp	.+44     	; 0x12b0 <vfprintf+0xb0>
    1284:	83 2d       	mov	r24, r3
    1286:	82 60       	ori	r24, 0x02	; 2
    1288:	38 2e       	mov	r3, r24
    128a:	e3 2d       	mov	r30, r3
    128c:	e4 60       	ori	r30, 0x04	; 4
    128e:	3e 2e       	mov	r3, r30
    1290:	2a c0       	rjmp	.+84     	; 0x12e6 <vfprintf+0xe6>
    1292:	f3 2d       	mov	r31, r3
    1294:	f8 60       	ori	r31, 0x08	; 8
    1296:	1d c0       	rjmp	.+58     	; 0x12d2 <vfprintf+0xd2>
    1298:	37 fc       	sbrc	r3, 7
    129a:	2d c0       	rjmp	.+90     	; 0x12f6 <vfprintf+0xf6>
    129c:	20 ed       	ldi	r18, 0xD0	; 208
    129e:	28 0f       	add	r18, r24
    12a0:	2a 30       	cpi	r18, 0x0A	; 10
    12a2:	40 f0       	brcs	.+16     	; 0x12b4 <vfprintf+0xb4>
    12a4:	8e 32       	cpi	r24, 0x2E	; 46
    12a6:	b9 f4       	brne	.+46     	; 0x12d6 <vfprintf+0xd6>
    12a8:	36 fc       	sbrc	r3, 6
    12aa:	81 c1       	rjmp	.+770    	; 0x15ae <vfprintf+0x3ae>
    12ac:	23 2d       	mov	r18, r3
    12ae:	20 64       	ori	r18, 0x40	; 64
    12b0:	32 2e       	mov	r3, r18
    12b2:	19 c0       	rjmp	.+50     	; 0x12e6 <vfprintf+0xe6>
    12b4:	36 fe       	sbrs	r3, 6
    12b6:	06 c0       	rjmp	.+12     	; 0x12c4 <vfprintf+0xc4>
    12b8:	8a e0       	ldi	r24, 0x0A	; 10
    12ba:	98 9e       	mul	r9, r24
    12bc:	20 0d       	add	r18, r0
    12be:	11 24       	eor	r1, r1
    12c0:	92 2e       	mov	r9, r18
    12c2:	11 c0       	rjmp	.+34     	; 0x12e6 <vfprintf+0xe6>
    12c4:	ea e0       	ldi	r30, 0x0A	; 10
    12c6:	2e 9e       	mul	r2, r30
    12c8:	20 0d       	add	r18, r0
    12ca:	11 24       	eor	r1, r1
    12cc:	22 2e       	mov	r2, r18
    12ce:	f3 2d       	mov	r31, r3
    12d0:	f0 62       	ori	r31, 0x20	; 32
    12d2:	3f 2e       	mov	r3, r31
    12d4:	08 c0       	rjmp	.+16     	; 0x12e6 <vfprintf+0xe6>
    12d6:	8c 36       	cpi	r24, 0x6C	; 108
    12d8:	21 f4       	brne	.+8      	; 0x12e2 <vfprintf+0xe2>
    12da:	83 2d       	mov	r24, r3
    12dc:	80 68       	ori	r24, 0x80	; 128
    12de:	38 2e       	mov	r3, r24
    12e0:	02 c0       	rjmp	.+4      	; 0x12e6 <vfprintf+0xe6>
    12e2:	88 36       	cpi	r24, 0x68	; 104
    12e4:	41 f4       	brne	.+16     	; 0x12f6 <vfprintf+0xf6>
    12e6:	f7 01       	movw	r30, r14
    12e8:	93 fd       	sbrc	r25, 3
    12ea:	85 91       	lpm	r24, Z+
    12ec:	93 ff       	sbrs	r25, 3
    12ee:	81 91       	ld	r24, Z+
    12f0:	7f 01       	movw	r14, r30
    12f2:	81 11       	cpse	r24, r1
    12f4:	b3 cf       	rjmp	.-154    	; 0x125c <vfprintf+0x5c>
    12f6:	98 2f       	mov	r25, r24
    12f8:	9f 7d       	andi	r25, 0xDF	; 223
    12fa:	95 54       	subi	r25, 0x45	; 69
    12fc:	93 30       	cpi	r25, 0x03	; 3
    12fe:	28 f4       	brcc	.+10     	; 0x130a <vfprintf+0x10a>
    1300:	0c 5f       	subi	r16, 0xFC	; 252
    1302:	1f 4f       	sbci	r17, 0xFF	; 255
    1304:	9f e3       	ldi	r25, 0x3F	; 63
    1306:	99 83       	std	Y+1, r25	; 0x01
    1308:	0d c0       	rjmp	.+26     	; 0x1324 <vfprintf+0x124>
    130a:	83 36       	cpi	r24, 0x63	; 99
    130c:	31 f0       	breq	.+12     	; 0x131a <vfprintf+0x11a>
    130e:	83 37       	cpi	r24, 0x73	; 115
    1310:	71 f0       	breq	.+28     	; 0x132e <vfprintf+0x12e>
    1312:	83 35       	cpi	r24, 0x53	; 83
    1314:	09 f0       	breq	.+2      	; 0x1318 <vfprintf+0x118>
    1316:	59 c0       	rjmp	.+178    	; 0x13ca <vfprintf+0x1ca>
    1318:	21 c0       	rjmp	.+66     	; 0x135c <vfprintf+0x15c>
    131a:	f8 01       	movw	r30, r16
    131c:	80 81       	ld	r24, Z
    131e:	89 83       	std	Y+1, r24	; 0x01
    1320:	0e 5f       	subi	r16, 0xFE	; 254
    1322:	1f 4f       	sbci	r17, 0xFF	; 255
    1324:	88 24       	eor	r8, r8
    1326:	83 94       	inc	r8
    1328:	91 2c       	mov	r9, r1
    132a:	53 01       	movw	r10, r6
    132c:	13 c0       	rjmp	.+38     	; 0x1354 <vfprintf+0x154>
    132e:	28 01       	movw	r4, r16
    1330:	f2 e0       	ldi	r31, 0x02	; 2
    1332:	4f 0e       	add	r4, r31
    1334:	51 1c       	adc	r5, r1
    1336:	f8 01       	movw	r30, r16
    1338:	a0 80       	ld	r10, Z
    133a:	b1 80       	ldd	r11, Z+1	; 0x01
    133c:	36 fe       	sbrs	r3, 6
    133e:	03 c0       	rjmp	.+6      	; 0x1346 <vfprintf+0x146>
    1340:	69 2d       	mov	r22, r9
    1342:	70 e0       	ldi	r23, 0x00	; 0
    1344:	02 c0       	rjmp	.+4      	; 0x134a <vfprintf+0x14a>
    1346:	6f ef       	ldi	r22, 0xFF	; 255
    1348:	7f ef       	ldi	r23, 0xFF	; 255
    134a:	c5 01       	movw	r24, r10
    134c:	0e 94 ec 0a 	call	0x15d8	; 0x15d8 <strnlen>
    1350:	4c 01       	movw	r8, r24
    1352:	82 01       	movw	r16, r4
    1354:	f3 2d       	mov	r31, r3
    1356:	ff 77       	andi	r31, 0x7F	; 127
    1358:	3f 2e       	mov	r3, r31
    135a:	16 c0       	rjmp	.+44     	; 0x1388 <vfprintf+0x188>
    135c:	28 01       	movw	r4, r16
    135e:	22 e0       	ldi	r18, 0x02	; 2
    1360:	42 0e       	add	r4, r18
    1362:	51 1c       	adc	r5, r1
    1364:	f8 01       	movw	r30, r16
    1366:	a0 80       	ld	r10, Z
    1368:	b1 80       	ldd	r11, Z+1	; 0x01
    136a:	36 fe       	sbrs	r3, 6
    136c:	03 c0       	rjmp	.+6      	; 0x1374 <vfprintf+0x174>
    136e:	69 2d       	mov	r22, r9
    1370:	70 e0       	ldi	r23, 0x00	; 0
    1372:	02 c0       	rjmp	.+4      	; 0x1378 <vfprintf+0x178>
    1374:	6f ef       	ldi	r22, 0xFF	; 255
    1376:	7f ef       	ldi	r23, 0xFF	; 255
    1378:	c5 01       	movw	r24, r10
    137a:	0e 94 e1 0a 	call	0x15c2	; 0x15c2 <strnlen_P>
    137e:	4c 01       	movw	r8, r24
    1380:	f3 2d       	mov	r31, r3
    1382:	f0 68       	ori	r31, 0x80	; 128
    1384:	3f 2e       	mov	r3, r31
    1386:	82 01       	movw	r16, r4
    1388:	33 fc       	sbrc	r3, 3
    138a:	1b c0       	rjmp	.+54     	; 0x13c2 <vfprintf+0x1c2>
    138c:	82 2d       	mov	r24, r2
    138e:	90 e0       	ldi	r25, 0x00	; 0
    1390:	88 16       	cp	r8, r24
    1392:	99 06       	cpc	r9, r25
    1394:	b0 f4       	brcc	.+44     	; 0x13c2 <vfprintf+0x1c2>
    1396:	b6 01       	movw	r22, r12
    1398:	80 e2       	ldi	r24, 0x20	; 32
    139a:	90 e0       	ldi	r25, 0x00	; 0
    139c:	0e 94 f7 0a 	call	0x15ee	; 0x15ee <fputc>
    13a0:	2a 94       	dec	r2
    13a2:	f4 cf       	rjmp	.-24     	; 0x138c <vfprintf+0x18c>
    13a4:	f5 01       	movw	r30, r10
    13a6:	37 fc       	sbrc	r3, 7
    13a8:	85 91       	lpm	r24, Z+
    13aa:	37 fe       	sbrs	r3, 7
    13ac:	81 91       	ld	r24, Z+
    13ae:	5f 01       	movw	r10, r30
    13b0:	b6 01       	movw	r22, r12
    13b2:	90 e0       	ldi	r25, 0x00	; 0
    13b4:	0e 94 f7 0a 	call	0x15ee	; 0x15ee <fputc>
    13b8:	21 10       	cpse	r2, r1
    13ba:	2a 94       	dec	r2
    13bc:	21 e0       	ldi	r18, 0x01	; 1
    13be:	82 1a       	sub	r8, r18
    13c0:	91 08       	sbc	r9, r1
    13c2:	81 14       	cp	r8, r1
    13c4:	91 04       	cpc	r9, r1
    13c6:	71 f7       	brne	.-36     	; 0x13a4 <vfprintf+0x1a4>
    13c8:	e8 c0       	rjmp	.+464    	; 0x159a <vfprintf+0x39a>
    13ca:	84 36       	cpi	r24, 0x64	; 100
    13cc:	11 f0       	breq	.+4      	; 0x13d2 <vfprintf+0x1d2>
    13ce:	89 36       	cpi	r24, 0x69	; 105
    13d0:	41 f5       	brne	.+80     	; 0x1422 <vfprintf+0x222>
    13d2:	f8 01       	movw	r30, r16
    13d4:	37 fe       	sbrs	r3, 7
    13d6:	07 c0       	rjmp	.+14     	; 0x13e6 <vfprintf+0x1e6>
    13d8:	60 81       	ld	r22, Z
    13da:	71 81       	ldd	r23, Z+1	; 0x01
    13dc:	82 81       	ldd	r24, Z+2	; 0x02
    13de:	93 81       	ldd	r25, Z+3	; 0x03
    13e0:	0c 5f       	subi	r16, 0xFC	; 252
    13e2:	1f 4f       	sbci	r17, 0xFF	; 255
    13e4:	08 c0       	rjmp	.+16     	; 0x13f6 <vfprintf+0x1f6>
    13e6:	60 81       	ld	r22, Z
    13e8:	71 81       	ldd	r23, Z+1	; 0x01
    13ea:	07 2e       	mov	r0, r23
    13ec:	00 0c       	add	r0, r0
    13ee:	88 0b       	sbc	r24, r24
    13f0:	99 0b       	sbc	r25, r25
    13f2:	0e 5f       	subi	r16, 0xFE	; 254
    13f4:	1f 4f       	sbci	r17, 0xFF	; 255
    13f6:	f3 2d       	mov	r31, r3
    13f8:	ff 76       	andi	r31, 0x6F	; 111
    13fa:	3f 2e       	mov	r3, r31
    13fc:	97 ff       	sbrs	r25, 7
    13fe:	09 c0       	rjmp	.+18     	; 0x1412 <vfprintf+0x212>
    1400:	90 95       	com	r25
    1402:	80 95       	com	r24
    1404:	70 95       	com	r23
    1406:	61 95       	neg	r22
    1408:	7f 4f       	sbci	r23, 0xFF	; 255
    140a:	8f 4f       	sbci	r24, 0xFF	; 255
    140c:	9f 4f       	sbci	r25, 0xFF	; 255
    140e:	f0 68       	ori	r31, 0x80	; 128
    1410:	3f 2e       	mov	r3, r31
    1412:	2a e0       	ldi	r18, 0x0A	; 10
    1414:	30 e0       	ldi	r19, 0x00	; 0
    1416:	a3 01       	movw	r20, r6
    1418:	0e 94 33 0b 	call	0x1666	; 0x1666 <__ultoa_invert>
    141c:	88 2e       	mov	r8, r24
    141e:	86 18       	sub	r8, r6
    1420:	45 c0       	rjmp	.+138    	; 0x14ac <vfprintf+0x2ac>
    1422:	85 37       	cpi	r24, 0x75	; 117
    1424:	31 f4       	brne	.+12     	; 0x1432 <vfprintf+0x232>
    1426:	23 2d       	mov	r18, r3
    1428:	2f 7e       	andi	r18, 0xEF	; 239
    142a:	b2 2e       	mov	r11, r18
    142c:	2a e0       	ldi	r18, 0x0A	; 10
    142e:	30 e0       	ldi	r19, 0x00	; 0
    1430:	25 c0       	rjmp	.+74     	; 0x147c <vfprintf+0x27c>
    1432:	93 2d       	mov	r25, r3
    1434:	99 7f       	andi	r25, 0xF9	; 249
    1436:	b9 2e       	mov	r11, r25
    1438:	8f 36       	cpi	r24, 0x6F	; 111
    143a:	c1 f0       	breq	.+48     	; 0x146c <vfprintf+0x26c>
    143c:	18 f4       	brcc	.+6      	; 0x1444 <vfprintf+0x244>
    143e:	88 35       	cpi	r24, 0x58	; 88
    1440:	79 f0       	breq	.+30     	; 0x1460 <vfprintf+0x260>
    1442:	b5 c0       	rjmp	.+362    	; 0x15ae <vfprintf+0x3ae>
    1444:	80 37       	cpi	r24, 0x70	; 112
    1446:	19 f0       	breq	.+6      	; 0x144e <vfprintf+0x24e>
    1448:	88 37       	cpi	r24, 0x78	; 120
    144a:	21 f0       	breq	.+8      	; 0x1454 <vfprintf+0x254>
    144c:	b0 c0       	rjmp	.+352    	; 0x15ae <vfprintf+0x3ae>
    144e:	e9 2f       	mov	r30, r25
    1450:	e0 61       	ori	r30, 0x10	; 16
    1452:	be 2e       	mov	r11, r30
    1454:	b4 fe       	sbrs	r11, 4
    1456:	0d c0       	rjmp	.+26     	; 0x1472 <vfprintf+0x272>
    1458:	fb 2d       	mov	r31, r11
    145a:	f4 60       	ori	r31, 0x04	; 4
    145c:	bf 2e       	mov	r11, r31
    145e:	09 c0       	rjmp	.+18     	; 0x1472 <vfprintf+0x272>
    1460:	34 fe       	sbrs	r3, 4
    1462:	0a c0       	rjmp	.+20     	; 0x1478 <vfprintf+0x278>
    1464:	29 2f       	mov	r18, r25
    1466:	26 60       	ori	r18, 0x06	; 6
    1468:	b2 2e       	mov	r11, r18
    146a:	06 c0       	rjmp	.+12     	; 0x1478 <vfprintf+0x278>
    146c:	28 e0       	ldi	r18, 0x08	; 8
    146e:	30 e0       	ldi	r19, 0x00	; 0
    1470:	05 c0       	rjmp	.+10     	; 0x147c <vfprintf+0x27c>
    1472:	20 e1       	ldi	r18, 0x10	; 16
    1474:	30 e0       	ldi	r19, 0x00	; 0
    1476:	02 c0       	rjmp	.+4      	; 0x147c <vfprintf+0x27c>
    1478:	20 e1       	ldi	r18, 0x10	; 16
    147a:	32 e0       	ldi	r19, 0x02	; 2
    147c:	f8 01       	movw	r30, r16
    147e:	b7 fe       	sbrs	r11, 7
    1480:	07 c0       	rjmp	.+14     	; 0x1490 <vfprintf+0x290>
    1482:	60 81       	ld	r22, Z
    1484:	71 81       	ldd	r23, Z+1	; 0x01
    1486:	82 81       	ldd	r24, Z+2	; 0x02
    1488:	93 81       	ldd	r25, Z+3	; 0x03
    148a:	0c 5f       	subi	r16, 0xFC	; 252
    148c:	1f 4f       	sbci	r17, 0xFF	; 255
    148e:	06 c0       	rjmp	.+12     	; 0x149c <vfprintf+0x29c>
    1490:	60 81       	ld	r22, Z
    1492:	71 81       	ldd	r23, Z+1	; 0x01
    1494:	80 e0       	ldi	r24, 0x00	; 0
    1496:	90 e0       	ldi	r25, 0x00	; 0
    1498:	0e 5f       	subi	r16, 0xFE	; 254
    149a:	1f 4f       	sbci	r17, 0xFF	; 255
    149c:	a3 01       	movw	r20, r6
    149e:	0e 94 33 0b 	call	0x1666	; 0x1666 <__ultoa_invert>
    14a2:	88 2e       	mov	r8, r24
    14a4:	86 18       	sub	r8, r6
    14a6:	fb 2d       	mov	r31, r11
    14a8:	ff 77       	andi	r31, 0x7F	; 127
    14aa:	3f 2e       	mov	r3, r31
    14ac:	36 fe       	sbrs	r3, 6
    14ae:	0d c0       	rjmp	.+26     	; 0x14ca <vfprintf+0x2ca>
    14b0:	23 2d       	mov	r18, r3
    14b2:	2e 7f       	andi	r18, 0xFE	; 254
    14b4:	a2 2e       	mov	r10, r18
    14b6:	89 14       	cp	r8, r9
    14b8:	58 f4       	brcc	.+22     	; 0x14d0 <vfprintf+0x2d0>
    14ba:	34 fe       	sbrs	r3, 4
    14bc:	0b c0       	rjmp	.+22     	; 0x14d4 <vfprintf+0x2d4>
    14be:	32 fc       	sbrc	r3, 2
    14c0:	09 c0       	rjmp	.+18     	; 0x14d4 <vfprintf+0x2d4>
    14c2:	83 2d       	mov	r24, r3
    14c4:	8e 7e       	andi	r24, 0xEE	; 238
    14c6:	a8 2e       	mov	r10, r24
    14c8:	05 c0       	rjmp	.+10     	; 0x14d4 <vfprintf+0x2d4>
    14ca:	b8 2c       	mov	r11, r8
    14cc:	a3 2c       	mov	r10, r3
    14ce:	03 c0       	rjmp	.+6      	; 0x14d6 <vfprintf+0x2d6>
    14d0:	b8 2c       	mov	r11, r8
    14d2:	01 c0       	rjmp	.+2      	; 0x14d6 <vfprintf+0x2d6>
    14d4:	b9 2c       	mov	r11, r9
    14d6:	a4 fe       	sbrs	r10, 4
    14d8:	0f c0       	rjmp	.+30     	; 0x14f8 <vfprintf+0x2f8>
    14da:	fe 01       	movw	r30, r28
    14dc:	e8 0d       	add	r30, r8
    14de:	f1 1d       	adc	r31, r1
    14e0:	80 81       	ld	r24, Z
    14e2:	80 33       	cpi	r24, 0x30	; 48
    14e4:	21 f4       	brne	.+8      	; 0x14ee <vfprintf+0x2ee>
    14e6:	9a 2d       	mov	r25, r10
    14e8:	99 7e       	andi	r25, 0xE9	; 233
    14ea:	a9 2e       	mov	r10, r25
    14ec:	09 c0       	rjmp	.+18     	; 0x1500 <vfprintf+0x300>
    14ee:	a2 fe       	sbrs	r10, 2
    14f0:	06 c0       	rjmp	.+12     	; 0x14fe <vfprintf+0x2fe>
    14f2:	b3 94       	inc	r11
    14f4:	b3 94       	inc	r11
    14f6:	04 c0       	rjmp	.+8      	; 0x1500 <vfprintf+0x300>
    14f8:	8a 2d       	mov	r24, r10
    14fa:	86 78       	andi	r24, 0x86	; 134
    14fc:	09 f0       	breq	.+2      	; 0x1500 <vfprintf+0x300>
    14fe:	b3 94       	inc	r11
    1500:	a3 fc       	sbrc	r10, 3
    1502:	11 c0       	rjmp	.+34     	; 0x1526 <vfprintf+0x326>
    1504:	a0 fe       	sbrs	r10, 0
    1506:	06 c0       	rjmp	.+12     	; 0x1514 <vfprintf+0x314>
    1508:	b2 14       	cp	r11, r2
    150a:	88 f4       	brcc	.+34     	; 0x152e <vfprintf+0x32e>
    150c:	28 0c       	add	r2, r8
    150e:	92 2c       	mov	r9, r2
    1510:	9b 18       	sub	r9, r11
    1512:	0e c0       	rjmp	.+28     	; 0x1530 <vfprintf+0x330>
    1514:	b2 14       	cp	r11, r2
    1516:	60 f4       	brcc	.+24     	; 0x1530 <vfprintf+0x330>
    1518:	b6 01       	movw	r22, r12
    151a:	80 e2       	ldi	r24, 0x20	; 32
    151c:	90 e0       	ldi	r25, 0x00	; 0
    151e:	0e 94 f7 0a 	call	0x15ee	; 0x15ee <fputc>
    1522:	b3 94       	inc	r11
    1524:	f7 cf       	rjmp	.-18     	; 0x1514 <vfprintf+0x314>
    1526:	b2 14       	cp	r11, r2
    1528:	18 f4       	brcc	.+6      	; 0x1530 <vfprintf+0x330>
    152a:	2b 18       	sub	r2, r11
    152c:	02 c0       	rjmp	.+4      	; 0x1532 <vfprintf+0x332>
    152e:	98 2c       	mov	r9, r8
    1530:	21 2c       	mov	r2, r1
    1532:	a4 fe       	sbrs	r10, 4
    1534:	10 c0       	rjmp	.+32     	; 0x1556 <vfprintf+0x356>
    1536:	b6 01       	movw	r22, r12
    1538:	80 e3       	ldi	r24, 0x30	; 48
    153a:	90 e0       	ldi	r25, 0x00	; 0
    153c:	0e 94 f7 0a 	call	0x15ee	; 0x15ee <fputc>
    1540:	a2 fe       	sbrs	r10, 2
    1542:	17 c0       	rjmp	.+46     	; 0x1572 <vfprintf+0x372>
    1544:	a1 fc       	sbrc	r10, 1
    1546:	03 c0       	rjmp	.+6      	; 0x154e <vfprintf+0x34e>
    1548:	88 e7       	ldi	r24, 0x78	; 120
    154a:	90 e0       	ldi	r25, 0x00	; 0
    154c:	02 c0       	rjmp	.+4      	; 0x1552 <vfprintf+0x352>
    154e:	88 e5       	ldi	r24, 0x58	; 88
    1550:	90 e0       	ldi	r25, 0x00	; 0
    1552:	b6 01       	movw	r22, r12
    1554:	0c c0       	rjmp	.+24     	; 0x156e <vfprintf+0x36e>
    1556:	8a 2d       	mov	r24, r10
    1558:	86 78       	andi	r24, 0x86	; 134
    155a:	59 f0       	breq	.+22     	; 0x1572 <vfprintf+0x372>
    155c:	a1 fe       	sbrs	r10, 1
    155e:	02 c0       	rjmp	.+4      	; 0x1564 <vfprintf+0x364>
    1560:	8b e2       	ldi	r24, 0x2B	; 43
    1562:	01 c0       	rjmp	.+2      	; 0x1566 <vfprintf+0x366>
    1564:	80 e2       	ldi	r24, 0x20	; 32
    1566:	a7 fc       	sbrc	r10, 7
    1568:	8d e2       	ldi	r24, 0x2D	; 45
    156a:	b6 01       	movw	r22, r12
    156c:	90 e0       	ldi	r25, 0x00	; 0
    156e:	0e 94 f7 0a 	call	0x15ee	; 0x15ee <fputc>
    1572:	89 14       	cp	r8, r9
    1574:	38 f4       	brcc	.+14     	; 0x1584 <vfprintf+0x384>
    1576:	b6 01       	movw	r22, r12
    1578:	80 e3       	ldi	r24, 0x30	; 48
    157a:	90 e0       	ldi	r25, 0x00	; 0
    157c:	0e 94 f7 0a 	call	0x15ee	; 0x15ee <fputc>
    1580:	9a 94       	dec	r9
    1582:	f7 cf       	rjmp	.-18     	; 0x1572 <vfprintf+0x372>
    1584:	8a 94       	dec	r8
    1586:	f3 01       	movw	r30, r6
    1588:	e8 0d       	add	r30, r8
    158a:	f1 1d       	adc	r31, r1
    158c:	80 81       	ld	r24, Z
    158e:	b6 01       	movw	r22, r12
    1590:	90 e0       	ldi	r25, 0x00	; 0
    1592:	0e 94 f7 0a 	call	0x15ee	; 0x15ee <fputc>
    1596:	81 10       	cpse	r8, r1
    1598:	f5 cf       	rjmp	.-22     	; 0x1584 <vfprintf+0x384>
    159a:	22 20       	and	r2, r2
    159c:	09 f4       	brne	.+2      	; 0x15a0 <vfprintf+0x3a0>
    159e:	42 ce       	rjmp	.-892    	; 0x1224 <vfprintf+0x24>
    15a0:	b6 01       	movw	r22, r12
    15a2:	80 e2       	ldi	r24, 0x20	; 32
    15a4:	90 e0       	ldi	r25, 0x00	; 0
    15a6:	0e 94 f7 0a 	call	0x15ee	; 0x15ee <fputc>
    15aa:	2a 94       	dec	r2
    15ac:	f6 cf       	rjmp	.-20     	; 0x159a <vfprintf+0x39a>
    15ae:	f6 01       	movw	r30, r12
    15b0:	86 81       	ldd	r24, Z+6	; 0x06
    15b2:	97 81       	ldd	r25, Z+7	; 0x07
    15b4:	02 c0       	rjmp	.+4      	; 0x15ba <vfprintf+0x3ba>
    15b6:	8f ef       	ldi	r24, 0xFF	; 255
    15b8:	9f ef       	ldi	r25, 0xFF	; 255
    15ba:	2b 96       	adiw	r28, 0x0b	; 11
    15bc:	e2 e1       	ldi	r30, 0x12	; 18
    15be:	0c 94 ad 0b 	jmp	0x175a	; 0x175a <__epilogue_restores__>

000015c2 <strnlen_P>:
    15c2:	fc 01       	movw	r30, r24
    15c4:	05 90       	lpm	r0, Z+
    15c6:	61 50       	subi	r22, 0x01	; 1
    15c8:	70 40       	sbci	r23, 0x00	; 0
    15ca:	01 10       	cpse	r0, r1
    15cc:	d8 f7       	brcc	.-10     	; 0x15c4 <strnlen_P+0x2>
    15ce:	80 95       	com	r24
    15d0:	90 95       	com	r25
    15d2:	8e 0f       	add	r24, r30
    15d4:	9f 1f       	adc	r25, r31
    15d6:	08 95       	ret

000015d8 <strnlen>:
    15d8:	fc 01       	movw	r30, r24
    15da:	61 50       	subi	r22, 0x01	; 1
    15dc:	70 40       	sbci	r23, 0x00	; 0
    15de:	01 90       	ld	r0, Z+
    15e0:	01 10       	cpse	r0, r1
    15e2:	d8 f7       	brcc	.-10     	; 0x15da <strnlen+0x2>
    15e4:	80 95       	com	r24
    15e6:	90 95       	com	r25
    15e8:	8e 0f       	add	r24, r30
    15ea:	9f 1f       	adc	r25, r31
    15ec:	08 95       	ret

000015ee <fputc>:
    15ee:	0f 93       	push	r16
    15f0:	1f 93       	push	r17
    15f2:	cf 93       	push	r28
    15f4:	df 93       	push	r29
    15f6:	fb 01       	movw	r30, r22
    15f8:	23 81       	ldd	r18, Z+3	; 0x03
    15fa:	21 fd       	sbrc	r18, 1
    15fc:	03 c0       	rjmp	.+6      	; 0x1604 <fputc+0x16>
    15fe:	8f ef       	ldi	r24, 0xFF	; 255
    1600:	9f ef       	ldi	r25, 0xFF	; 255
    1602:	2c c0       	rjmp	.+88     	; 0x165c <fputc+0x6e>
    1604:	22 ff       	sbrs	r18, 2
    1606:	16 c0       	rjmp	.+44     	; 0x1634 <fputc+0x46>
    1608:	46 81       	ldd	r20, Z+6	; 0x06
    160a:	57 81       	ldd	r21, Z+7	; 0x07
    160c:	24 81       	ldd	r18, Z+4	; 0x04
    160e:	35 81       	ldd	r19, Z+5	; 0x05
    1610:	42 17       	cp	r20, r18
    1612:	53 07       	cpc	r21, r19
    1614:	44 f4       	brge	.+16     	; 0x1626 <fputc+0x38>
    1616:	a0 81       	ld	r26, Z
    1618:	b1 81       	ldd	r27, Z+1	; 0x01
    161a:	9d 01       	movw	r18, r26
    161c:	2f 5f       	subi	r18, 0xFF	; 255
    161e:	3f 4f       	sbci	r19, 0xFF	; 255
    1620:	31 83       	std	Z+1, r19	; 0x01
    1622:	20 83       	st	Z, r18
    1624:	8c 93       	st	X, r24
    1626:	26 81       	ldd	r18, Z+6	; 0x06
    1628:	37 81       	ldd	r19, Z+7	; 0x07
    162a:	2f 5f       	subi	r18, 0xFF	; 255
    162c:	3f 4f       	sbci	r19, 0xFF	; 255
    162e:	37 83       	std	Z+7, r19	; 0x07
    1630:	26 83       	std	Z+6, r18	; 0x06
    1632:	14 c0       	rjmp	.+40     	; 0x165c <fputc+0x6e>
    1634:	8b 01       	movw	r16, r22
    1636:	ec 01       	movw	r28, r24
    1638:	fb 01       	movw	r30, r22
    163a:	00 84       	ldd	r0, Z+8	; 0x08
    163c:	f1 85       	ldd	r31, Z+9	; 0x09
    163e:	e0 2d       	mov	r30, r0
    1640:	09 95       	icall
    1642:	89 2b       	or	r24, r25
    1644:	e1 f6       	brne	.-72     	; 0x15fe <fputc+0x10>
    1646:	d8 01       	movw	r26, r16
    1648:	16 96       	adiw	r26, 0x06	; 6
    164a:	8d 91       	ld	r24, X+
    164c:	9c 91       	ld	r25, X
    164e:	17 97       	sbiw	r26, 0x07	; 7
    1650:	01 96       	adiw	r24, 0x01	; 1
    1652:	17 96       	adiw	r26, 0x07	; 7
    1654:	9c 93       	st	X, r25
    1656:	8e 93       	st	-X, r24
    1658:	16 97       	sbiw	r26, 0x06	; 6
    165a:	ce 01       	movw	r24, r28
    165c:	df 91       	pop	r29
    165e:	cf 91       	pop	r28
    1660:	1f 91       	pop	r17
    1662:	0f 91       	pop	r16
    1664:	08 95       	ret

00001666 <__ultoa_invert>:
    1666:	fa 01       	movw	r30, r20
    1668:	aa 27       	eor	r26, r26
    166a:	28 30       	cpi	r18, 0x08	; 8
    166c:	51 f1       	breq	.+84     	; 0x16c2 <__ultoa_invert+0x5c>
    166e:	20 31       	cpi	r18, 0x10	; 16
    1670:	81 f1       	breq	.+96     	; 0x16d2 <__ultoa_invert+0x6c>
    1672:	e8 94       	clt
    1674:	6f 93       	push	r22
    1676:	6e 7f       	andi	r22, 0xFE	; 254
    1678:	6e 5f       	subi	r22, 0xFE	; 254
    167a:	7f 4f       	sbci	r23, 0xFF	; 255
    167c:	8f 4f       	sbci	r24, 0xFF	; 255
    167e:	9f 4f       	sbci	r25, 0xFF	; 255
    1680:	af 4f       	sbci	r26, 0xFF	; 255
    1682:	b1 e0       	ldi	r27, 0x01	; 1
    1684:	3e d0       	rcall	.+124    	; 0x1702 <__ultoa_invert+0x9c>
    1686:	b4 e0       	ldi	r27, 0x04	; 4
    1688:	3c d0       	rcall	.+120    	; 0x1702 <__ultoa_invert+0x9c>
    168a:	67 0f       	add	r22, r23
    168c:	78 1f       	adc	r23, r24
    168e:	89 1f       	adc	r24, r25
    1690:	9a 1f       	adc	r25, r26
    1692:	a1 1d       	adc	r26, r1
    1694:	68 0f       	add	r22, r24
    1696:	79 1f       	adc	r23, r25
    1698:	8a 1f       	adc	r24, r26
    169a:	91 1d       	adc	r25, r1
    169c:	a1 1d       	adc	r26, r1
    169e:	6a 0f       	add	r22, r26
    16a0:	71 1d       	adc	r23, r1
    16a2:	81 1d       	adc	r24, r1
    16a4:	91 1d       	adc	r25, r1
    16a6:	a1 1d       	adc	r26, r1
    16a8:	20 d0       	rcall	.+64     	; 0x16ea <__ultoa_invert+0x84>
    16aa:	09 f4       	brne	.+2      	; 0x16ae <__ultoa_invert+0x48>
    16ac:	68 94       	set
    16ae:	3f 91       	pop	r19
    16b0:	2a e0       	ldi	r18, 0x0A	; 10
    16b2:	26 9f       	mul	r18, r22
    16b4:	11 24       	eor	r1, r1
    16b6:	30 19       	sub	r19, r0
    16b8:	30 5d       	subi	r19, 0xD0	; 208
    16ba:	31 93       	st	Z+, r19
    16bc:	de f6       	brtc	.-74     	; 0x1674 <__ultoa_invert+0xe>
    16be:	cf 01       	movw	r24, r30
    16c0:	08 95       	ret
    16c2:	46 2f       	mov	r20, r22
    16c4:	47 70       	andi	r20, 0x07	; 7
    16c6:	40 5d       	subi	r20, 0xD0	; 208
    16c8:	41 93       	st	Z+, r20
    16ca:	b3 e0       	ldi	r27, 0x03	; 3
    16cc:	0f d0       	rcall	.+30     	; 0x16ec <__ultoa_invert+0x86>
    16ce:	c9 f7       	brne	.-14     	; 0x16c2 <__ultoa_invert+0x5c>
    16d0:	f6 cf       	rjmp	.-20     	; 0x16be <__ultoa_invert+0x58>
    16d2:	46 2f       	mov	r20, r22
    16d4:	4f 70       	andi	r20, 0x0F	; 15
    16d6:	40 5d       	subi	r20, 0xD0	; 208
    16d8:	4a 33       	cpi	r20, 0x3A	; 58
    16da:	18 f0       	brcs	.+6      	; 0x16e2 <__ultoa_invert+0x7c>
    16dc:	49 5d       	subi	r20, 0xD9	; 217
    16de:	31 fd       	sbrc	r19, 1
    16e0:	40 52       	subi	r20, 0x20	; 32
    16e2:	41 93       	st	Z+, r20
    16e4:	02 d0       	rcall	.+4      	; 0x16ea <__ultoa_invert+0x84>
    16e6:	a9 f7       	brne	.-22     	; 0x16d2 <__ultoa_invert+0x6c>
    16e8:	ea cf       	rjmp	.-44     	; 0x16be <__ultoa_invert+0x58>
    16ea:	b4 e0       	ldi	r27, 0x04	; 4
    16ec:	a6 95       	lsr	r26
    16ee:	97 95       	ror	r25
    16f0:	87 95       	ror	r24
    16f2:	77 95       	ror	r23
    16f4:	67 95       	ror	r22
    16f6:	ba 95       	dec	r27
    16f8:	c9 f7       	brne	.-14     	; 0x16ec <__ultoa_invert+0x86>
    16fa:	00 97       	sbiw	r24, 0x00	; 0
    16fc:	61 05       	cpc	r22, r1
    16fe:	71 05       	cpc	r23, r1
    1700:	08 95       	ret
    1702:	9b 01       	movw	r18, r22
    1704:	ac 01       	movw	r20, r24
    1706:	0a 2e       	mov	r0, r26
    1708:	06 94       	lsr	r0
    170a:	57 95       	ror	r21
    170c:	47 95       	ror	r20
    170e:	37 95       	ror	r19
    1710:	27 95       	ror	r18
    1712:	ba 95       	dec	r27
    1714:	c9 f7       	brne	.-14     	; 0x1708 <__ultoa_invert+0xa2>
    1716:	62 0f       	add	r22, r18
    1718:	73 1f       	adc	r23, r19
    171a:	84 1f       	adc	r24, r20
    171c:	95 1f       	adc	r25, r21
    171e:	a0 1d       	adc	r26, r0
    1720:	08 95       	ret

00001722 <__prologue_saves__>:
    1722:	2f 92       	push	r2
    1724:	3f 92       	push	r3
    1726:	4f 92       	push	r4
    1728:	5f 92       	push	r5
    172a:	6f 92       	push	r6
    172c:	7f 92       	push	r7
    172e:	8f 92       	push	r8
    1730:	9f 92       	push	r9
    1732:	af 92       	push	r10
    1734:	bf 92       	push	r11
    1736:	cf 92       	push	r12
    1738:	df 92       	push	r13
    173a:	ef 92       	push	r14
    173c:	ff 92       	push	r15
    173e:	0f 93       	push	r16
    1740:	1f 93       	push	r17
    1742:	cf 93       	push	r28
    1744:	df 93       	push	r29
    1746:	cd b7       	in	r28, 0x3d	; 61
    1748:	de b7       	in	r29, 0x3e	; 62
    174a:	ca 1b       	sub	r28, r26
    174c:	db 0b       	sbc	r29, r27
    174e:	0f b6       	in	r0, 0x3f	; 63
    1750:	f8 94       	cli
    1752:	de bf       	out	0x3e, r29	; 62
    1754:	0f be       	out	0x3f, r0	; 63
    1756:	cd bf       	out	0x3d, r28	; 61
    1758:	09 94       	ijmp

0000175a <__epilogue_restores__>:
    175a:	2a 88       	ldd	r2, Y+18	; 0x12
    175c:	39 88       	ldd	r3, Y+17	; 0x11
    175e:	48 88       	ldd	r4, Y+16	; 0x10
    1760:	5f 84       	ldd	r5, Y+15	; 0x0f
    1762:	6e 84       	ldd	r6, Y+14	; 0x0e
    1764:	7d 84       	ldd	r7, Y+13	; 0x0d
    1766:	8c 84       	ldd	r8, Y+12	; 0x0c
    1768:	9b 84       	ldd	r9, Y+11	; 0x0b
    176a:	aa 84       	ldd	r10, Y+10	; 0x0a
    176c:	b9 84       	ldd	r11, Y+9	; 0x09
    176e:	c8 84       	ldd	r12, Y+8	; 0x08
    1770:	df 80       	ldd	r13, Y+7	; 0x07
    1772:	ee 80       	ldd	r14, Y+6	; 0x06
    1774:	fd 80       	ldd	r15, Y+5	; 0x05
    1776:	0c 81       	ldd	r16, Y+4	; 0x04
    1778:	1b 81       	ldd	r17, Y+3	; 0x03
    177a:	aa 81       	ldd	r26, Y+2	; 0x02
    177c:	b9 81       	ldd	r27, Y+1	; 0x01
    177e:	ce 0f       	add	r28, r30
    1780:	d1 1d       	adc	r29, r1
    1782:	0f b6       	in	r0, 0x3f	; 63
    1784:	f8 94       	cli
    1786:	de bf       	out	0x3e, r29	; 62
    1788:	0f be       	out	0x3f, r0	; 63
    178a:	cd bf       	out	0x3d, r28	; 61
    178c:	ed 01       	movw	r28, r26
    178e:	08 95       	ret

00001790 <_exit>:
    1790:	f8 94       	cli

00001792 <__stop_program>:
    1792:	ff cf       	rjmp	.-2      	; 0x1792 <__stop_program>
